time_s,leader_x_m,leader_y_m,leader_vx_map_ms,leader_vy_map_ms,leader_v_ms,leader_yaw_rad,leader_omega_rads,follower_x_m,follower_y_m,follower_vx_map_ms,follower_vy_map_ms,follower_v_ms,follower_yaw_rad,follower_omega_rads,distance_m
0.0000,-3.3214,-0.1231,-0.1914,-0.1637,0.2518,-0.0000,-0.0001,2.9882,0.0122,-0.0037,-0.0266,0.0268,0.0000,0.0001,6.3110
0.0987,-3.3402,-0.1382,-0.1912,-0.1598,0.2492,-0.0000,0.0002,2.9878,0.0148,-0.0056,-0.0087,0.0104,0.0000,0.0002,6.3299
0.2011,-3.3581,-0.1564,-0.1750,-0.1791,0.2504,-0.0000,-0.0001,2.9895,0.0168,0.0085,0.0094,0.0127,0.0000,0.0004,6.3500
0.3037,-3.3717,-0.1737,-0.1498,-0.1808,0.2348,-0.0000,0.0003,2.9870,0.0146,-0.0043,-0.0077,0.0088,0.0000,-0.0000,6.3615
0.4031,-3.3875,-0.1886,-0.1552,-0.1638,0.2256,-0.0000,-0.0002,2.9839,0.0152,-0.0231,0.0018,0.0232,0.0000,-0.0002,6.3746
0.5026,-3.4017,-0.2093,-0.1547,-0.1958,0.2496,-0.0000,0.0001,2.9889,0.0139,0.0128,-0.0081,0.0151,0.0000,0.0003,6.3945
0.6024,-3.4132,-0.2291,-0.1251,-0.1967,0.2331,-0.0000,-0.0000,2.9856,0.0146,-0.0167,0.0019,0.0168,0.0000,-0.0000,6.4034
0.7020,-3.4295,-0.2476,-0.1472,-0.1899,0.2403,-0.0000,0.0000,2.9848,0.0154,-0.0094,0.0036,0.0101,0.0000,0.0003,6.4197
0.8030,-3.4416,-0.2698,-0.1217,-0.2180,0.2496,-0.0000,0.0001,2.9867,0.0192,-0.0306,0.0030,0.0307,0.0000,-0.0001,6.4348
0.9075,-3.4547,-0.2897,-0.1192,-0.2134,0.2444,-0.0000,0.0000,2.9745,0.0089,-0.1335,-0.0920,0.1621,0.0000,0.0001,6.4362
1.0037,-3.4664,-0.3113,-0.1103,-0.2173,0.2437,-0.0000,-0.0001,2.9640,0.0016,-0.1491,-0.1022,0.1807,0.0000,-0.0000,6.4380
1.1039,-3.4767,-0.3306,-0.1029,-0.2047,0.2291,-0.0000,0.0000,2.9404,-0.0099,-0.2123,-0.1180,0.2429,0.0000,-0.0001,6.4251
1.2075,-3.4843,-0.3517,-0.0785,-0.2141,0.2280,-0.0000,-0.0001,2.9185,-0.0277,-0.2476,-0.1776,0.3048,0.0000,-0.0002,6.4109
1.3044,-3.4974,-0.3714,-0.1145,-0.2202,0.2482,-0.0000,-0.0001,2.8900,-0.0415,-0.2979,-0.1879,0.3522,0.0000,-0.0002,6.3959
1.4054,-3.5035,-0.3972,-0.0741,-0.2289,0.2406,-0.0000,-0.0001,2.8577,-0.0623,-0.3146,-0.2017,0.3737,0.0000,0.0002,6.3701
1.5050,-3.5101,-0.4208,-0.0592,-0.2338,0.2412,-0.0000,0.0003,2.8251,-0.0876,-0.3402,-0.2532,0.4241,0.0000,0.0001,6.3439
1.6060,-3.5179,-0.4414,-0.0670,-0.2137,0.2239,-0.0000,0.0001,2.7854,-0.1163,-0.3872,-0.2885,0.4829,0.0000,0.0000,6.3118
1.7059,-3.5243,-0.4655,-0.0596,-0.2276,0.2353,-0.0000,-0.0002,2.7514,-0.1464,-0.3673,-0.2940,0.4704,0.0000,0.0001,6.2838
1.8058,-3.5287,-0.4870,-0.0435,-0.2177,0.2220,-0.0000,0.0002,2.7088,-0.1806,-0.4139,-0.3370,0.5337,0.0000,-0.0000,6.2450
1.9060,-3.5327,-0.5113,-0.0361,-0.2252,0.2281,-0.0000,0.0000,2.6687,-0.2141,-0.4146,-0.3422,0.5375,0.0000,-0.0001,6.2085
2.0074,-3.5367,-0.5337,-0.0319,-0.2237,0.2260,-0.0000,-0.0001,2.6243,-0.2511,-0.4391,-0.3690,0.5736,0.0000,-0.0001,6.1674
2.1085,-3.5375,-0.5578,-0.0073,-0.2269,0.2270,-0.0000,0.0002,2.5843,-0.2881,-0.4241,-0.3683,0.5617,0.0000,0.0002,6.1277
2.2073,-3.5403,-0.5810,-0.0183,-0.2292,0.2300,-0.0000,-0.0003,2.5393,-0.3254,-0.4451,-0.3762,0.5828,0.0000,0.0002,6.0850
2.3100,-3.5398,-0.6063,0.0019,-0.2370,0.2371,-0.0000,0.0000,2.5062,-0.3651,-0.4069,-0.4182,0.5835,0.0000,-0.0002,6.0508
2.4082,-3.5383,-0.6317,0.0151,-0.2457,0.2461,-0.0000,-0.0002,2.4552,-0.4089,-0.4273,-0.4049,0.5887,0.0000,0.0004,5.9977
2.5074,-3.5357,-0.6519,0.0240,-0.2142,0.2155,-0.0000,0.0002,2.4104,-0.4419,-0.4708,-0.3886,0.6104,0.0000,0.0001,5.9498
2.6085,-3.5302,-0.6734,0.0516,-0.2175,0.2235,-0.0000,0.0002,2.3659,-0.4922,-0.4400,-0.4196,0.6080,0.0000,0.0001,5.8990
2.7091,-3.5194,-0.7164,0.0163,-0.2027,0.2033,-0.0000,-0.0000,2.3260,-0.5311,-0.4408,-0.4245,0.6120,0.0000,-0.0002,5.8483
2.8088,-3.5146,-0.7445,0.0518,-0.2591,0.2642,-0.0000,-0.0001,2.2775,-0.5775,-0.4419,-0.4257,0.6136,0.0000,-0.0000,5.7945
2.9091,-3.5083,-0.7638,0.0502,-0.2137,0.2195,-0.0000,0.0002,2.2569,-0.6066,-0.4453,-0.4290,0.6183,0.0035,-0.0002,5.7674
3.0090,-3.5002,-0.7848,0.0767,-0.2094,0.2231,-0.0000,-0.0001,2.2115,-0.6564,-0.4345,-0.4512,0.6264,0.0035,0.0000,5.7131
3.1098,-3.4928,-0.8041,0.0851,-0.1769,0.1963,-0.0000,0.0003,2.1677,-0.6892,-0.4562,-0.3932,0.6023,0.0035,0.0001,5.6616
3.2083,-3.4873,-0.8235,0.0688,-0.1924,0.2043,-0.0000,-0.0001,2.1205,-0.7391,-0.4609,-0.4239,0.6262,0.0035,-0.0000,5.6084
3.3096,-3.4751,-0.8460,0.0987,-0.1972,0.2206,-0.0000,-0.0002,2.0832,-0.7783,-0.4286,-0.4205,0.6004,0.0035,-0.0001,5.5588
3.4086,-3.4634,-0.8641,0.1136,-0.1805,0.2133,-0.0000,-0.0000,2.0369,-0.8247,-0.4185,-0.4237,0.5955,0.0034,-0.0005,5.5004
3.5110,-3.4496,-0.8846,0.1329,-0.1802,0.2239,-0.0000,0.0002,1.9913,-0.8628,-0.4578,-0.4081,0.6133,0.0032,-0.0018,5.4410
3.6092,-3.4406,-0.9047,0.1046,-0.1921,0.2187,-0.0000,0.0005,1.9491,-0.9042,-0.4163,-0.3903,0.5707,0.0031,-0.0020,5.3897
3.7104,-3.4264,-0.9236,0.1345,-0.1825,0.2267,-0.0000,0.0001,1.8984,-0.9377,-0.4851,-0.3596,0.6039,0.0029,-0.0015,5.3249
3.8115,-3.4127,-0.9406,0.1365,-0.1687,0.2170,-0.0000,-0.0001,1.8551,-0.9802,-0.4513,-0.3775,0.5884,0.0027,-0.0024,5.2679
3.9118,-3.3961,-0.9576,0.1638,-0.1709,0.2367,-0.0000,0.0003,1.8104,-1.0155,-0.4473,-0.3558,0.5715,0.0025,-0.0023,5.2068
4.0113,-3.3834,-0.9732,0.1389,-0.1561,0.2090,-0.0000,-0.0001,1.7658,-1.0477,-0.4400,-0.3256,0.5474,0.0023,-0.0024,5.1498
4.1114,-3.3676,-0.9894,0.1571,-0.1566,0.2218,-0.0000,-0.0000,1.7218,-1.0796,-0.4396,-0.3098,0.5378,0.0020,-0.0023,5.0903
4.2118,-3.3525,-1.0039,0.1533,-0.1420,0.2090,-0.0000,-0.0000,1.6745,-1.1132,-0.4665,-0.3209,0.5662,0.0018,-0.0022,5.0282
4.3143,-3.3357,-1.0230,0.1687,-0.1674,0.2377,-0.0000,-0.0004,1.6279,-1.1446,-0.4657,-0.3052,0.5568,0.0016,-0.0021,4.9650
4.4131,-3.3156,-1.0381,0.1980,-0.1616,0.2556,-0.0000,-0.0003,1.5814,-1.1732,-0.4842,-0.2939,0.5664,0.0014,-0.0021,4.8988
4.5109,-3.3003,-1.0500,0.1675,-0.1265,0.2099,-0.0000,0.0000,1.5407,-1.1754,-0.4410,-0.2401,0.5022,0.0012,-0.0022,4.8427
4.6132,-3.2838,-1.0635,0.1633,-0.1375,0.2135,-0.0000,0.0001,1.4992,-1.2010,-0.4234,-0.2486,0.4909,0.0010,-0.0020,4.7850
4.7127,-3.2627,-1.0727,0.1961,-0.1013,0.2208,-0.0000,0.0004,1.4542,-1.2216,-0.4318,-0.2012,0.4764,0.0008,-0.0018,4.7193
4.8122,-3.2450,-1.0852,0.1799,-0.1025,0.2070,-0.0000,0.0001,1.4054,-1.2423,-0.4752,-0.1963,0.5142,0.0006,-0.0015,4.6530
4.9120,-3.2215,-1.1012,0.2169,-0.1275,0.2517,-0.0000,-0.0000,1.3670,-1.2600,-0.4219,-0.1740,0.4564,0.0004,-0.0014,4.5912
5.0125,-3.2032,-1.1069,0.1972,-0.0898,0.2167,-0.0000,-0.0002,1.3194,-1.2785,-0.4630,-0.1735,0.4944,0.0003,-0.0015,4.5259
5.1156,-3.1808,-1.1168,0.2161,-0.0908,0.2344,-0.0000,0.0002,1.2773,-1.2949,-0.4428,-0.1656,0.4728,0.0002,-0.0016,4.4616
5.2169,-3.1596,-1.1242,0.2160,-0.0726,0.2279,-0.0000,-0.0002,1.2338,-1.3076,-0.4376,-0.1266,0.4556,0.0001,-0.0008,4.3973
5.3163,-3.1377,-1.1341,0.2178,-0.0824,0.2329,-0.0000,0.0003,1.1866,-1.3195,-0.4640,-0.1300,0.4819,-0.0000,-0.0008,4.3283
5.4162,-3.1188,-1.1359,0.2002,-0.0436,0.2049,-0.0000,-0.0002,1.1428,-1.3270,-0.4445,-0.0793,0.4515,-0.0001,-0.0009,4.2658
5.5154,-3.0982,-1.1421,0.2083,-0.0542,0.2153,-0.0000,-0.0000,1.0971,-1.3362,-0.4475,-0.0865,0.4557,-0.0002,-0.0008,4.1998
5.6155,-3.0746,-1.1461,0.2150,-0.0453,0.2198,-0.0000,-0.0000,1.0317,-1.3488,-0.4864,-0.0733,0.4919,-0.0020,-0.0001,4.1114
5.7158,-3.0546,-1.1471,0.2041,-0.0169,0.2048,-0.0000,0.0002,0.9874,-1.3520,-0.4586,-0.0337,0.4598,-0.0020,-0.0005,4.0472
5.8162,-3.0301,-1.1495,0.2270,-0.0095,0.2272,-0.0000,-0.0001,0.9417,-1.3588,-0.4576,-0.0526,0.4606,-0.0020,-0.0003,3.9773
5.9151,-3.0071,-1.1516,0.2270,-0.0088,0.2272,-0.0000,0.0003,0.8955,-1.3589,-0.4403,-0.0103,0.4404,-0.0021,-0.0003,3.9081
6.0182,-2.9858,-1.1524,0.2151,0.0106,0.2153,-0.0000,-0.0002,0.8479,-1.3606,-0.4686,-0.0087,0.4687,-0.0021,-0.0000,3.8394
6.1166,-2.9613,-1.1538,0.2365,0.0000,0.2365,-0.0000,0.0001,0.8015,-1.3601,-0.4628,-0.0050,0.4628,-0.0020,0.0004,3.7684
6.2192,-2.9397,-1.1523,0.2283,0.0118,0.2286,-0.0000,0.0001,0.7532,-1.3558,-0.4786,0.0400,0.4803,-0.0020,0.0010,3.6985
6.3169,-2.9188,-1.1492,0.2119,0.0315,0.2142,-0.0000,0.0001,0.7070,-1.3543,-0.4733,0.0278,0.4741,-0.0019,0.0006,3.6316
6.4166,-2.8999,-1.1474,0.1952,0.0264,0.1970,-0.0000,0.0003,0.6642,-1.3474,-0.4383,0.0658,0.4432,-0.0018,0.0011,3.5697
6.5174,-2.8733,-1.1433,0.2417,0.0483,0.2464,-0.0000,-0.0002,0.6154,-1.3425,-0.4632,0.0474,0.4656,-0.0017,0.0013,3.4944
6.6177,-2.8547,-1.1413,0.2180,0.0352,0.2208,-0.0000,0.0002,0.5721,-1.3326,-0.4387,0.0940,0.4486,-0.0015,0.0013,3.4322
6.7188,-2.8357,-1.1333,0.1967,0.0744,0.2103,-0.0000,0.0003,0.5250,-1.3258,-0.4582,0.0736,0.4641,-0.0014,0.0011,3.3662
6.8179,-2.8133,-1.1264,0.2121,0.0658,0.2221,-0.0000,0.0001,0.4782,-1.3135,-0.4660,0.1165,0.4804,-0.0013,0.0015,3.2968
6.9233,-2.7905,-1.1197,0.2176,0.0763,0.2305,-0.0000,0.0003,0.4364,-1.3021,-0.4327,0.1223,0.4497,-0.0011,0.0011,3.2320
7.0217,-2.7613,-1.1124,0.2055,0.0630,0.2149,-0.0000,-0.0000,0.3867,-1.2917,-0.4851,0.1125,0.4979,-0.0010,0.0015,3.1530
7.1193,-2.7440,-1.0980,0.1824,0.1264,0.2220,-0.0000,-0.0001,0.3430,-1.2782,-0.4662,0.1408,0.4870,-0.0008,0.0015,3.0922
7.2239,-2.7248,-1.0897,0.1727,0.1117,0.2056,-0.0000,0.0002,0.2994,-1.2650,-0.4411,0.1390,0.4625,-0.0007,0.0011,3.0293
7.3207,-2.7062,-1.0816,0.1770,0.1004,0.2035,-0.0000,0.0001,0.2526,-1.2501,-0.4575,0.1531,0.4824,-0.0006,0.0014,2.9636
7.4217,-2.6854,-1.0673,0.1796,0.1319,0.2228,-0.0000,-0.0004,0.2116,-1.2341,-0.4181,0.1630,0.4488,-0.0005,0.0016,2.9018
7.5232,-2.6670,-1.0531,0.1774,0.1410,0.2266,-0.0000,0.0001,0.1670,-1.2191,-0.4109,0.1526,0.4383,-0.0003,0.0009,2.8388
7.6229,-2.6503,-1.0428,0.1555,0.1239,0.1988,-0.0000,-0.0000,0.1417,-1.1931,-0.4456,0.1648,0.4751,-0.0002,0.0009,2.7961
7.7234,-2.6369,-1.0270,0.1407,0.1570,0.2108,-0.0000,-0.0000,0.0951,-1.1746,-0.4504,0.1898,0.4887,-0.0001,0.0009,2.7360
7.8219,-2.6152,-1.0131,0.1877,0.1398,0.2340,-0.0000,-0.0001,0.0548,-1.1565,-0.4111,0.1850,0.4508,-0.0001,0.0011,2.6739
7.9227,-2.6012,-0.9958,0.1494,0.1691,0.2257,-0.0000,0.0001,0.0073,-1.1363,-0.4835,0.2045,0.5250,0.0000,0.0009,2.6122
8.0239,-2.5846,-0.9832,0.1583,0.1280,0.2036,-0.0000,0.0003,-0.0358,-1.1171,-0.4390,0.1982,0.4816,0.0001,0.0005,2.5523
8.1241,-2.5707,-0.9625,0.1393,0.1939,0.2387,-0.0000,-0.0002,-0.0791,-1.0953,-0.4469,0.2222,0.4991,0.0001,0.0004,2.4952
8.2225,-2.5562,-0.9451,0.1455,0.1811,0.2323,-0.0000,0.0000,-0.1222,-1.0754,-0.4342,0.2047,0.4800,0.0002,0.0004,2.4374
8.3270,-2.5463,-0.9246,0.1042,0.1984,0.2241,-0.0000,-0.0004,-0.1661,-1.0513,-0.4335,0.2287,0.4901,0.0002,0.0004,2.3835
8.4247,-2.5361,-0.9108,0.1152,0.1819,0.2153,-0.0000,0.0002,-0.2131,-1.0275,-0.4649,0.2399,0.5231,0.0002,-0.0000,2.3259
8.5261,-2.5234,-0.8889,0.1040,0.1964,0.2222,-0.0000,0.0002,-0.2561,-1.0057,-0.4379,0.2395,0.4991,0.0002,0.0002,2.2703
8.6243,-2.5128,-0.8658,0.0999,0.2213,0.2428,-0.0000,-0.0001,-0.2986,-0.9839,-0.4270,0.2234,0.4819,0.0002,0.0001,2.2174
8.7257,-2.5014,-0.8469,0.1334,0.1953,0.2365,-0.0000,0.0001,-0.3423,-0.9573,-0.4341,0.2554,0.5036,0.0002,0.0001,2.1618
8.8256,-2.4886,-0.8271,0.1176,0.2002,0.2322,-0.0000,-0.0002,-0.3848,-0.9327,-0.4297,0.2610,0.5028,0.0002,-0.0001,2.1065
8.9265,-2.4891,-0.8052,0.0442,0.2144,0.2189,-0.0000,0.0002,-0.4332,-0.9079,-0.4662,0.2546,0.5312,0.0002,-0.0002,2.0585
9.0281,-2.4812,-0.7834,0.0610,0.2064,0.2153,-0.0000,0.0001,-0.4739,-0.8821,-0.4283,0.2534,0.4976,0.0002,0.0001,2.0098
9.1275,-2.4724,-0.7596,0.0762,0.2446,0.2562,-0.0000,-0.0005,-0.5183,-0.8544,-0.4389,0.2733,0.5170,0.0002,-0.0003,1.9564
9.2281,-2.4655,-0.7350,0.0615,0.2443,0.2519,-0.0000,-0.0001,-0.5611,-0.8301,-0.4287,0.2585,0.5006,0.0002,0.0001,1.9067
9.3291,-2.4609,-0.7158,0.0397,0.2132,0.2169,-0.0000,-0.0000,-0.6055,-0.8031,-0.4386,0.2676,0.5138,0.0002,-0.0001,1.8574
9.4291,-2.4574,-0.6940,0.0314,0.2222,0.2244,-0.0000,0.0002,-0.6485,-0.7758,-0.4265,0.2648,0.5020,0.0002,-0.0004,1.8108
9.5308,-2.4526,-0.6717,0.0361,0.2178,0.2208,-0.0000,-0.0002,-0.6932,-0.7474,-0.4408,0.2782,0.5212,0.0002,-0.0002,1.7611
9.6292,-2.4503,-0.6471,0.0167,0.2415,0.2420,-0.0000,0.0000,-0.7680,-0.7106,-0.4526,0.2771,0.5307,0.0001,0.0000,1.6834
9.7310,-2.4505,-0.6254,-0.0010,0.2281,0.2281,-0.0000,-0.0001,-0.8105,-0.6798,-0.4325,0.3018,0.5274,0.0001,-0.0003,1.6410
9.8307,-2.4477,-0.6037,0.0230,0.2168,0.2180,-0.0000,-0.0003,-0.8560,-0.6539,-0.4370,0.2680,0.5126,0.0001,-0.0002,1.5925
9.9306,-2.4490,-0.5803,-0.0005,0.2404,0.2404,-0.0000,0.0003,-0.8962,-0.6220,-0.4122,0.3034,0.5118,0.0001,0.0000,1.5533
10.0314,-2.4502,-0.5586,-0.0160,0.2150,0.2156,-0.0000,0.0002,-0.9425,-0.5931,-0.4392,0.3011,0.5325,0.0001,0.0001,1.5081
10.1300,-2.4537,-0.5368,-0.0206,0.2019,0.2030,-0.0000,0.0002,-0.9858,-0.5650,-0.4343,0.2878,0.5210,0.0000,-0.0002,1.4682
10.2335,-2.4568,-0.5124,-0.0354,0.2391,0.2417,-0.0000,-0.0002,-1.0292,-0.5360,-0.4393,0.2947,0.5290,0.0000,-0.0001,1.4278
10.3337,-2.4591,-0.4910,-0.0310,0.2181,0.2203,-0.0000,0.0001,-1.0757,-0.5069,-0.4582,0.2895,0.5420,0.0000,-0.0003,1.3835
10.4334,-2.4669,-0.4706,-0.0725,0.1912,0.2045,-0.0000,-0.0002,-1.1160,-0.4775,-0.4197,0.3026,0.5175,-0.0000,-0.0002,1.3510
10.5348,-2.4709,-0.4486,-0.0469,0.2139,0.2189,-0.0000,-0.0002,-1.1589,-0.4508,-0.4266,0.2735,0.5067,-0.0000,-0.0002,1.3120
10.6345,-2.4775,-0.4264,-0.0616,0.2139,0.2225,-0.0000,-0.0002,-1.2045,-0.4233,-0.4354,0.2696,0.5121,-0.0000,-0.0002,1.2730
10.7342,-2.4879,-0.4085,-0.0987,0.1803,0.2055,-0.0000,0.0000,-1.2488,-0.3941,-0.4410,0.2843,0.5247,-0.0000,-0.0003,1.2392
10.8347,-2.4919,-0.3855,-0.0539,0.2041,0.2111,-0.0000,-0.0001,-1.2895,-0.3695,-0.4213,0.2560,0.4930,-0.0000,0.0001,1.2025
10.9378,-2.5062,-0.3653,-0.1304,0.1988,0.2377,-0.0000,-0.0001,-1.3360,-0.3442,-0.4535,0.2463,0.5160,-0.0000,-0.0001,1.1704
11.0359,-2.5122,-0.3465,-0.0920,0.1869,0.2083,-0.0000,-0.0003,-1.3785,-0.3219,-0.4377,0.2385,0.4985,-0.0000,0.0000,1.1339
11.1366,-2.5214,-0.3278,-0.0986,0.1838,0.2085,-0.0000,-0.0002,-1.4283,-0.3023,-0.4797,0.2016,0.5203,-0.0000,0.0001,1.0934
11.2384,-2.5352,-0.3095,-0.1369,0.1726,0.2203,-0.0000,0.0002,-1.4687,-0.2790,-0.4394,0.2071,0.4858,-0.0000,-0.0001,1.0670
11.3384,-2.5528,-0.2866,-0.1300,0.1784,0.2208,-0.0000,0.0001,-1.5107,-0.2608,-0.4187,0.1808,0.4561,-0.0000,0.0001,1.0424
11.4363,-2.5669,-0.2712,-0.1246,0.1639,0.2059,-0.0000,0.0001,-1.5627,-0.2426,-0.4232,0.1842,0.4616,-0.0000,-0.0003,1.0046
11.5370,-2.5822,-0.2540,-0.1515,0.1683,0.2265,-0.0000,-0.0002,-1.6029,-0.2268,-0.3977,0.1560,0.4272,-0.0000,0.0004,0.9796
11.6386,-2.5981,-0.2404,-0.1512,0.1523,0.2146,-0.0000,0.0003,-1.6395,-0.2129,-0.3737,0.1369,0.3980,-0.0000,-0.0001,0.9590
11.7375,-2.6141,-0.2261,-0.1632,0.1439,0.2176,-0.0000,0.0002,-1.6800,-0.1977,-0.3760,0.1401,0.4012,-0.0001,-0.0010,0.9346
11.8390,-2.6315,-0.2126,-0.1689,0.1479,0.2245,-0.0000,0.0003,-1.7101,-0.1862,-0.3179,0.1231,0.3409,-0.0002,-0.0013,0.9217
11.9385,-2.6459,-0.1989,-0.1550,0.1355,0.2058,-0.0000,0.0003,-1.7357,-0.1726,-0.2445,0.1290,0.2765,-0.0003,-0.0012,0.9106
12.0390,-2.6695,-0.1858,-0.2229,0.1323,0.2592,-0.0000,0.0002,-1.7614,-0.1639,-0.2166,0.1002,0.2386,-0.0005,-0.0009,0.9084
12.1378,-2.6898,-0.1730,-0.1988,0.1229,0.2337,-0.0000,-0.0002,-1.7801,-0.1519,-0.1691,0.1131,0.2035,-0.0006,-0.0011,0.9100
12.2370,-2.7080,-0.1625,-0.2015,0.1199,0.2344,-0.0000,-0.0003,-1.7943,-0.1411,-0.1227,0.1082,0.1636,-0.0008,-0.0016,0.9139
12.3395,-2.7255,-0.1535,-0.1858,0.0932,0.2079,-0.0000,0.0004,-1.8002,-0.1298,-0.0547,0.1098,0.1227,-0.0009,-0.0015,0.9256
12.4394,-2.7477,-0.1432,-0.2029,0.0935,0.2234,-0.0000,0.0001,-1.8060,-0.1161,-0.0404,0.1400,0.1457,-0.0011,-0.0019,0.9421
12.5399,-2.7692,-0.1343,-0.2128,0.0840,0.2287,-0.0000,0.0001,-1.8077,-0.1032,-0.0125,0.1295,0.1301,-0.0012,-0.0017,0.9620
12.6391,-2.7891,-0.1274,-0.1843,0.0635,0.1949,-0.0000,-0.0002,-1.8039,-0.0930,0.0232,0.1090,0.1114,-0.0014,-0.0011,0.9857
12.7401,-2.8129,-0.1200,-0.2339,0.0698,0.2441,-0.0000,-0.0002,-1.8034,-0.0812,0.0203,0.1168,0.1185,-0.0015,-0.0018,1.0102
12.8404,-2.8350,-0.1141,-0.2115,0.0494,0.2172,-0.0000,-0.0001,-1.8051,-0.0713,-0.0084,0.0982,0.0986,-0.0017,-0.0013,1.0308
12.9407,-2.8566,-0.1087,-0.2204,0.0511,0.2263,-0.0000,0.0002,-1.8054,-0.0636,-0.0204,0.0659,0.0690,-0.0019,-0.0019,1.0522
13.0393,-2.8794,-0.1040,-0.2234,0.0402,0.2270,-0.0000,-0.0003,-1.8059,-0.0584,-0.0280,0.0467,0.0544,-0.0020,-0.0018,1.0745
13.1421,-2.9022,-0.0994,-0.2293,0.0407,0.2329,-0.0000,0.0001,-1.8148,-0.0556,-0.0832,0.0327,0.0894,-0.0022,-0.0017,1.0883
13.2404,-2.9229,-0.0952,-0.2312,0.0422,0.2350,-0.0000,-0.0002,-1.8258,-0.0523,-0.1255,0.0265,0.1282,-0.0023,-0.0002,1.0979
13.3421,-2.9473,-0.0954,-0.2437,0.0017,0.2437,-0.0000,-0.0002,-1.8416,-0.0568,-0.1605,-0.0236,0.1622,-0.0024,0.0008,1.1064
13.4443,-2.9670,-0.0940,-0.2079,0.0049,0.2080,-0.0000,-0.0000,-1.8654,-0.0544,-0.2371,0.0029,0.2371,-0.0023,0.0014,1.1024
13.5434,-2.9907,-0.0897,-0.2362,0.0323,0.2384,-0.0000,-0.0002,-1.8920,-0.0563,-0.2939,-0.0181,0.2945,-0.0021,0.0018,1.0992
13.6450,-3.0109,-0.0912,-0.2156,0.0063,0.2157,-0.0000,0.0000,-1.9164,-0.0599,-0.2813,-0.0316,0.2831,-0.0019,0.0018,1.0950
13.7443,-3.0317,-0.0953,-0.2136,-0.0355,0.2165,-0.0000,0.0002,-1.9544,-0.0623,-0.3721,-0.0384,0.3740,-0.0017,0.0028,1.0778
13.8464,-3.0563,-0.0970,-0.2353,-0.0231,0.2364,-0.0000,-0.0001,-1.9848,-0.0660,-0.3421,-0.0422,0.3447,-0.0014,0.0030,1.0719
13.9451,-3.0776,-0.0989,-0.2135,-0.0288,0.2154,-0.0000,0.0002,-2.0251,-0.0675,-0.3839,-0.0311,0.3852,-0.0012,0.0031,1.0530
14.0450,-3.0997,-0.1016,-0.2216,-0.0327,0.2240,-0.0000,-0.0002,-2.0602,-0.0750,-0.3701,-0.0617,0.3752,-0.0008,0.0035,1.0398
14.1457,-3.1203,-0.1073,-0.2060,-0.0482,0.2116,-0.0000,-0.0002,-2.1052,-0.0790,-0.4116,-0.0482,0.4144,-0.0005,0.0035,1.0154
14.2461,-3.1446,-0.1112,-0.2313,-0.0456,0.2358,-0.0000,-0.0003,-2.1440,-0.0859,-0.3980,-0.0637,0.4031,-0.0002,0.0037,1.0010
14.3469,-3.1630,-0.1205,-0.2066,-0.0844,0.2232,-0.0000,-0.0001,-2.1850,-0.0909,-0.3938,-0.0710,0.4001,0.0002,0.0032,0.9785
14.4459,-3.1831,-0.1244,-0.2074,-0.0526,0.2139,-0.0000,-0.0001,-2.2256,-0.0940,-0.3984,-0.0491,0.4014,0.0006,0.0038,0.9580
14.5474,-3.2022,-0.1334,-0.1969,-0.0853,0.2146,-0.0000,0.0004,-2.2629,-0.1048,-0.3638,-0.0862,0.3739,0.0010,0.0033,0.9398
14.6467,-3.2218,-0.1426,-0.1970,-0.0904,0.2168,-0.0000,-0.0002,-2.3010,-0.1087,-0.3613,-0.0582,0.3660,0.0013,0.0045,0.9214
14.7465,-3.2426,-0.1502,-0.1933,-0.0990,0.2172,-0.0000,-0.0002,-2.3354,-0.1210,-0.3215,-0.1034,0.3377,0.0017,0.0034,0.9077
14.8480,-3.2627,-0.1611,-0.1957,-0.1121,0.2256,-0.0000,0.0003,-2.3674,-0.1312,-0.2981,-0.1077,0.3169,0.0021,0.0025,0.8958
14.9487,-3.2814,-0.1716,-0.1840,-0.1235,0.2215,-0.0000,0.0001,-2.3934,-0.1401,-0.2539,-0.1089,0.2763,0.0024,0.0022,0.8886
15.0476,-3.2974,-0.1820,-0.1663,-0.1156,0.2025,-0.0000,0.0002,-2.4177,-0.1488,-0.2155,-0.0985,0.2370,0.0025,0.0015,0.8803
15.1475,-3.3165,-0.1995,-0.1804,-0.1519,0.2358,-0.0000,-0.0000,-2.4316,-0.1596,-0.1620,-0.1177,0.2003,0.0027,0.0005,0.8857
15.2508,-3.3346,-0.2097,-0.1772,-0.1164,0.2120,-0.0000,-0.0003,-2.4340,-0.1895,-0.1113,-0.1100,0.1565,0.0027,-0.0013,0.9008
15.3487,-3.3499,-0.2256,-0.1550,-0.1436,0.2113,-0.0000,0.0000,-2.4382,-0.2064,-0.0398,-0.1570,0.1620,0.0025,-0.0016,0.9119
15.4488,-3.3667,-0.2383,-0.1617,-0.1305,0.2078,-0.0000,-0.0002,-2.4490,-0.2185,-0.0664,-0.1398,0.1548,0.0024,-0.0027,0.9179
15.5491,-3.3809,-0.2566,-0.1413,-0.1503,0.2063,-0.0000,-0.0002,-2.4470,-0.2401,0.0049,-0.1962,0.1963,0.0021,-0.0028,0.9340
15.6489,-3.3975,-0.2738,-0.1566,-0.1638,0.2266,-0.0000,-0.0003,-2.4482,-0.2556,0.0017,-0.1762,0.1762,0.0017,-0.0031,0.9495
15.7507,-3.4304,-0.2914,-0.1337,-0.1603,0.2088,-0.0000,-0.0001,-2.4454,-0.2738,0.0317,-0.1791,0.1819,0.0014,-0.0041,0.9853
15.8484,-3.4453,-0.3110,-0.1401,-0.1886,0.2350,-0.0000,0.0000,-2.4416,-0.2925,0.0373,-0.1864,0.1901,0.0009,-0.0046,1.0039
15.9488,-3.4577,-0.3301,-0.1254,-0.1922,0.2295,-0.0000,-0.0002,-2.4416,-0.3134,0.0112,-0.2034,0.2037,0.0005,-0.0047,1.0162
16.0503,-3.4700,-0.3484,-0.1167,-0.1853,0.2190,-0.0000,0.0000,-2.4399,-0.3332,0.0112,-0.1978,0.1982,-0.0000,-0.0050,1.0302
16.1515,-3.4808,-0.3675,-0.1069,-0.1856,0.2142,-0.0000,-0.0000,-2.4370,-0.3500,0.0021,-0.2078,0.2078,-0.0005,-0.0052,1.0439
16.2497,-3.4894,-0.3897,-0.0860,-0.2138,0.2304,-0.0000,0.0000,-2.4356,-0.3745,-0.0031,-0.2350,0.2350,-0.0010,-0.0050,1.0539
16.3516,-3.5012,-0.4082,-0.1107,-0.1893,0.2193,-0.0000,-0.0002,-2.4404,-0.3870,-0.0514,-0.1767,0.1840,-0.0015,-0.0049,1.0610
16.4497,-3.5097,-0.4295,-0.0833,-0.2104,0.2263,-0.0000,-0.0001,-2.4459,-0.4077,-0.0779,-0.2023,0.2168,-0.0020,-0.0055,1.0641
16.5513,-3.5157,-0.4543,-0.0604,-0.2364,0.2440,-0.0000,0.0004,-2.4563,-0.4300,-0.1257,-0.2264,0.2590,-0.0026,-0.0047,1.0597
16.6507,-3.5236,-0.4743,-0.0703,-0.2103,0.2218,-0.0000,-0.0000,-2.4688,-0.4497,-0.1501,-0.2074,0.2560,-0.0031,-0.0053,1.0551
16.7524,-3.5279,-0.4952,-0.0393,-0.2141,0.2176,-0.0000,-0.0000,-2.4863,-0.4707,-0.1860,-0.2148,0.2841,-0.0036,-0.0048,1.0419
16.8523,-3.5359,-0.5175,-0.0678,-0.2192,0.2295,-0.0000,-0.0001,-2.5088,-0.4931,-0.2261,-0.2261,0.3198,-0.0040,-0.0039,1.0274
16.9512,-3.5374,-0.5418,-0.0237,-0.2393,0.2405,-0.0000,-0.0003,-2.5294,-0.5113,-0.2322,-0.2173,0.3180,-0.0044,-0.0032,1.0084
17.0519,-3.5389,-0.5634,-0.0149,-0.2190,0.2196,-0.0000,-0.0001,-2.5587,-0.5339,-0.2582,-0.2214,0.3401,-0.0047,-0.0018,0.9807
17.1514,-3.5431,-0.5855,-0.0150,-0.2399,0.2404,-0.0000,-0.0002,-2.5789,-0.5616,-0.2256,-0.2667,0.3494,-0.0048,-0.0004,0.9645
17.2532,-3.5463,-0.6075,-0.0196,-0.2235,0.2244,-0.0000,0.0002,-2.6049,-0.5869,-0.2307,-0.2542,0.3433,-0.0048,0.0003,0.9416
17.3519,-3.5455,-0.6298,0.0119,-0.2214,0.2217,-0.0000,-0.0003,-2.6230,-0.6145,-0.1920,-0.2767,0.3368,-0.0048,0.0011,0.9226
17.4517,-3.5446,-0.6493,0.0096,-0.2004,0.2006,-0.0000,-0.0003,-2.6421,-0.6430,-0.1615,-0.2714,0.3158,-0.0046,0.0022,0.9025
17.5524,-3.5436,-0.6753,0.0134,-0.2352,0.2356,-0.0000,-0.0001,-2.6562,-0.6696,-0.1270,-0.2739,0.3019,-0.0044,0.0026,0.8874
17.6544,-3.5404,-0.6955,0.0315,-0.2082,0.2106,-0.0000,-0.0003,-2.6658,-0.7007,-0.0721,-0.2817,0.2908,-0.0042,0.0039,0.8746
17.7557,-3.5372,-0.7158,0.0257,-0.1851,0.1869,-0.0000,-0.0004,-2.6805,-0.7315,-0.0860,-0.2995,0.3116,-0.0038,0.0038,0.8569
17.8552,-3.5320,-0.7411,0.0541,-0.2367,0.2428,-0.0000,0.0000,-2.6784,-0.7573,-0.0070,-0.2627,0.2628,-0.0034,0.0045,0.8537
17.9550,-3.5262,-0.7631,0.0613,-0.2205,0.2288,-0.0000,0.0002,-2.6786,-0.7820,0.0303,-0.2478,0.2496,-0.0029,0.0047,0.8478
18.0570,-3.5197,-0.7826,0.0676,-0.1940,0.2054,-0.0000,-0.0001,-2.6677,-0.8080,0.1116,-0.2568,0.2800,-0.0024,0.0052,0.8524
18.1547,-3.5135,-0.8047,0.0767,-0.2257,0.2384,-0.0000,-0.0005,-2.6607,-0.8300,0.1157,-0.2294,0.2569,-0.0019,0.0056,0.8532
18.2554,-3.5028,-0.8252,0.1048,-0.2051,0.2304,-0.0000,0.0001,-2.6454,-0.8522,0.1533,-0.2149,0.2640,-0.0013,0.0048,0.8578
18.3576,-3.4957,-0.8440,0.0972,-0.1866,0.2104,-0.0000,-0.0001,-2.6280,-0.8728,0.1860,-0.2020,0.2746,-0.0009,0.0038,0.8682
18.4589,-3.4861,-0.8644,0.1058,-0.1989,0.2253,-0.0000,0.0001,-2.6027,-0.8926,0.2554,-0.2025,0.3260,-0.0005,0.0039,0.8838
18.5567,-3.4762,-0.8848,0.1068,-0.1971,0.2241,-0.0000,-0.0005,-2.5765,-0.9073,0.2734,-0.1601,0.3168,-0.0001,0.0038,0.9000
18.6572,-3.4615,-0.9035,0.1435,-0.1876,0.2362,-0.0000,-0.0001,-2.5466,-0.9272,0.3002,-0.1757,0.3478,0.0002,0.0035,0.9152
18.7571,-3.4517,-0.9208,0.1157,-0.1781,0.2124,-0.0000,0.0000,-2.5197,-0.9456,0.2954,-0.1744,0.3430,0.0006,0.0034,0.9323
18.8572,-3.4366,-0.9396,0.1515,-0.1752,0.2316,-0.0000,0.0002,-2.4854,-0.9613,0.3354,-0.1564,0.3701,0.0009,0.0031,0.9514
18.9573,-3.4229,-0.9562,0.1426,-0.1659,0.2188,-0.0000,0.0002,-2.4550,-0.9752,0.3185,-0.1386,0.3474,0.0012,0.0033,0.9681
19.0586,-3.4111,-0.9708,0.1303,-0.1485,0.1976,-0.0000,0.0001,-2.4247,-0.9895,0.2987,-0.1384,0.3292,0.0016,0.0028,0.9866
19.1599,-3.3919,-0.9899,0.1777,-0.1723,0.2475,-0.0000,-0.0001,-2.3890,-1.0073,0.3314,-0.1563,0.3664,0.0019,0.0033,1.0030
19.2601,-3.3755,-1.0040,0.1803,-0.1577,0.2396,-0.0000,0.0001,-2.3576,-1.0206,0.3052,-0.1435,0.3373,0.0022,0.0030,1.0180
19.3597,-3.3627,-1.0196,0.1470,-0.1467,0.2077,-0.0000,-0.0000,-2.3266,-1.0312,0.2977,-0.1161,0.3196,0.0025,0.0030,1.0362
19.4603,-3.3431,-1.0320,0.1779,-0.1212,0.2152,-0.0000,-0.0001,-2.2974,-1.0439,0.2847,-0.1230,0.3102,0.0028,0.0030,1.0457
19.5601,-3.3239,-1.0482,0.1839,-0.1460,0.2348,-0.0000,-0.0003,-2.2735,-1.0576,0.2368,-0.1257,0.2681,0.0031,0.0021,1.0505
19.6608,-3.3069,-1.0609,0.1810,-0.1188,0.2165,-0.0000,-0.0004,-2.2547,-1.0673,0.1999,-0.0989,0.2231,0.0033,0.0021,1.0522
19.7598,-3.2895,-1.0705,0.1800,-0.0969,0.2044,-0.0000,-0.0001,-2.2398,-1.0813,0.1501,-0.1198,0.1920,0.0035,0.0018,1.0497
19.8620,-3.2679,-1.0852,0.2031,-0.1213,0.2366,-0.0000,-0.0001,-2.2268,-1.0939,0.1174,-0.1253,0.1717,0.0037,0.0008,1.0411
19.9612,-3.2503,-1.0951,0.1897,-0.1002,0.2145,-0.0000,-0.0002,-2.2197,-1.1065,0.0696,-0.1232,0.1415,0.0037,-0.0012,1.0306
20.0614,-3.1998,-1.1251,0.1961,-0.0902,0.2158,-0.0000,0.0002,-2.2154,-1.1180,0.0409,-0.1150,0.1221,0.0035,-0.0022,0.9844
20.1615,-3.1764,-1.1319,0.2197,-0.0700,0.2306,-0.0000,-0.0001,-2.2085,-1.1297,0.0516,-0.1152,0.1263,0.0032,-0.0036,0.9679
20.2655,-3.1556,-1.1416,0.2227,-0.0690,0.2332,-0.0000,-0.0003,-2.2070,-1.1439,0.0344,-0.1224,0.1272,0.0028,-0.0044,0.9487
20.3663,-3.1373,-1.1476,0.1990,-0.0538,0.2061,-0.0000,0.0002,-2.2077,-1.1562,0.0197,-0.1268,0.1283,0.0023,-0.0052,0.9296
20.4665,-3.1150,-1.1559,0.2192,-0.0602,0.2273,-0.0000,0.0000,-2.2043,-1.1678,0.0445,-0.1139,0.1223,0.0018,-0.0055,0.9109
20.5666,-3.0943,-1.1605,0.2104,-0.0425,0.2146,-0.0000,0.0002,-2.1991,-1.1778,0.0512,-0.1052,0.1170,0.0013,-0.0046,0.8954
20.6664,-3.0716,-1.1634,0.2129,-0.0227,0.2141,-0.0000,-0.0002,-2.1851,-1.1883,0.1463,-0.0994,0.1768,0.0008,-0.0046,0.8868
20.7666,-3.0491,-1.1676,0.2197,-0.0300,0.2217,-0.0000,0.0002,-2.1731,-1.1977,0.1493,-0.0918,0.1752,0.0003,-0.0053,0.8766
20.8664,-3.0274,-1.1701,0.2187,-0.0203,0.2196,-0.0000,-0.0001,-2.1549,-1.2054,0.2040,-0.0695,0.2155,-0.0002,-0.0047,0.8732
20.9677,-3.0045,-1.1710,0.2252,-0.0059,0.2252,-0.0000,-0.0001,-2.1299,-1.2128,0.2309,-0.0663,0.2402,-0.0007,-0.0040,0.8756
21.0686,-2.9831,-1.1737,0.2278,-0.0153,0.2283,-0.0000,0.0000,-2.1025,-1.2173,0.2875,-0.0372,0.2899,-0.0011,-0.0038,0.8817
21.1726,-2.9629,-1.1713,0.2110,0.0224,0.2122,-0.0000,0.0002,-2.0695,-1.2213,0.3333,-0.0204,0.3339,-0.0014,-0.0041,0.8947
21.2696,-2.9389,-1.1705,0.2263,0.0172,0.2270,-0.0000,0.0002,-2.0368,-1.2230,0.3427,-0.0045,0.3427,-0.0017,-0.0024,0.9037
21.3730,-2.9151,-1.1719,0.2317,0.0067,0.2318,-0.0000,-0.0002,-2.0001,-1.2230,0.3731,0.0155,0.3734,-0.0019,-0.0010,0.9164
21.4711,-2.8967,-1.1692,0.2059,0.0167,0.2066,-0.0000,0.0001,-1.9587,-1.2225,0.4095,0.0121,0.4097,-0.0020,-0.0007,0.9395
21.5743,-2.8713,-1.1643,0.2416,0.0459,0.2459,-0.0000,0.0003,-1.9224,-1.2204,0.3905,0.0385,0.3923,-0.0020,0.0002,0.9506
21.6726,-2.8575,-1.1600,0.1943,0.0521,0.2012,-0.0000,0.0003,-1.8844,-1.2169,0.3827,0.0448,0.3853,-0.0020,0.0005,0.9748
21.7753,-2.8307,-1.1528,0.2195,0.0660,0.2292,-0.0000,-0.0002,-1.8460,-1.2110,0.3747,0.0690,0.3810,-0.0019,0.0011,0.9864
21.8747,-2.8132,-1.1489,0.2048,0.0602,0.2134,-0.0000,-0.0001,-1.8051,-1.2033,0.4036,0.0853,0.4125,-0.0017,0.0015,1.0095
21.9735,-2.7909,-1.1406,0.1945,0.0776,0.2094,-0.0000,0.0000,-1.7662,-1.1965,0.3875,0.0839,0.3964,-0.0016,0.0019,1.0262
22.0758,-2.7729,-1.1333,0.1960,0.0831,0.2129,-0.0000,-0.0004,-1.7277,-1.1852,0.3762,0.1023,0.3899,-0.0014,0.0020,1.0464
22.1747,-2.7513,-1.1235,0.1920,0.0999,0.2164,-0.0000,0.0004,-1.6939,-1.1696,0.3355,0.1522,0.3684,-0.0011,0.0023,1.0584
22.2741,-2.7274,-1.1145,0.2277,0.1051,0.2508,-0.0000,0.0000,-1.6618,-1.1551,0.2939,0.1633,0.3362,-0.0009,0.0025,1.0664
22.3767,-2.7134,-1.1055,0.1643,0.0930,0.1888,-0.0000,0.0000,-1.6338,-1.1393,0.2616,0.1716,0.3128,-0.0006,0.0025,1.0800
22.4760,-2.6935,-1.0904,0.1722,0.1417,0.2230,-0.0000,0.0001,-1.6097,-1.1233,0.2110,0.1730,0.2728,-0.0004,0.0031,1.0843
22.5769,-2.6735,-1.0788,0.1794,0.1347,0.2243,-0.0000,-0.0001,-1.6004,-1.1056,0.1010,0.1780,0.2047,-0.0001,0.0028,1.0734
22.6789,-2.6551,-1.0678,0.1756,0.1165,0.2107,-0.0000,-0.0003,-1.5871,-1.0870,0.0917,0.1784,0.2006,0.0002,0.0025,1.0682
22.7787,-2.6358,-1.0543,0.1813,0.1407,0.2295,-0.0000,-0.0001,-1.5785,-1.0680,0.0699,0.1867,0.1993,0.0004,0.0026,1.0574
22.8789,-2.6237,-1.0388,0.1340,0.1484,0.1999,-0.0000,0.0002,-1.5582,-1.0200,0.0631,0.1732,0.1843,0.0006,0.0021,1.0657
22.9784,-2.6076,-1.0211,0.1490,0.1680,0.2246,-0.0000,-0.0002,-1.5518,-1.0009,0.0470,0.1894,0.1951,0.0009,0.0022,1.0560
23.0787,-2.5904,-1.0059,0.1637,0.1555,0.2258,-0.0000,-0.0002,-1.5508,-0.9848,0.0286,0.1677,0.1701,0.0011,0.0027,1.0398
23.1783,-2.5767,-0.9884,0.1448,0.1785,0.2298,-0.0000,-0.0001,-1.5450,-0.9676,0.0479,0.1649,0.1718,0.0014,0.0023,1.0320
23.2789,-2.5607,-0.9705,0.1536,0.1786,0.2356,-0.0000,0.0001,-1.5432,-0.9497,0.0272,0.1552,0.1575,0.0016,0.0029,1.0177
23.3791,-2.5482,-0.9527,0.1310,0.1847,0.2264,-0.0000,0.0002,-1.5407,-0.9321,0.0233,0.1627,0.1643,0.0019,0.0030,1.0077
23.4803,-2.5363,-0.9330,0.1132,0.1968,0.2270,-0.0000,0.0001,-1.5346,-0.9203,0.0435,0.1279,0.1351,0.0022,0.0033,1.0018
23.5794,-2.5232,-0.9134,0.1300,0.2108,0.2477,-0.0000,0.0002,-1.5302,-0.9064,0.0521,0.1310,0.1410,0.0024,0.0027,0.9930
23.6806,-2.5126,-0.8933,0.0968,0.2031,0.2250,-0.0000,0.0004,-1.5269,-0.8952,0.0443,0.1199,0.1279,0.0027,0.0030,0.9858
23.7799,-2.5032,-0.8730,0.0891,0.2055,0.2240,-0.0000,0.0004,-1.5193,-0.8832,0.0770,0.1244,0.1463,0.0030,0.0025,0.9839
23.8807,-2.4917,-0.8526,0.1014,0.2094,0.2327,-0.0000,-0.0001,-1.5053,-0.8718,0.1154,0.1239,0.1694,0.0033,0.0025,0.9866
23.9810,-2.4825,-0.8306,0.0851,0.2212,0.2371,-0.0000,-0.0002,-1.4956,-0.8598,0.1086,0.1321,0.1710,0.0035,0.0026,0.9873
24.0836,-2.4779,-0.8094,0.0469,0.1985,0.2040,-0.0000,0.0001,-1.4812,-0.8481,0.1241,0.1357,0.1839,0.0038,0.0019,0.9975
24.1809,-2.4713,-0.7868,0.0608,0.2253,0.2334,-0.0000,-0.0004,-1.4662,-0.8296,0.1490,0.1921,0.2431,0.0039,0.0013,1.0060
24.2818,-2.4653,-0.7638,0.0440,0.2217,0.2260,-0.0000,-0.0001,-1.4523,-0.8098,0.1369,0.2237,0.2623,0.0041,0.0014,1.0141
24.3832,-2.4362,-0.7121,0.0716,0.2155,0.2271,-0.0000,0.0001,-1.4321,-0.7859,0.1797,0.2542,0.3113,0.0042,0.0005,1.0067
24.4842,-2.4317,-0.6885,0.0489,0.2363,0.2413,-0.0000,-0.0003,-1.4215,-0.7604,0.1220,0.2705,0.2968,0.0043,-0.0001,1.0128
24.5823,-2.4289,-0.6665,0.0258,0.2205,0.2220,-0.0000,-0.0001,-1.4079,-0.7314,0.1170,0.2947,0.3171,0.0042,-0.0004,1.0231
24.6822,-2.4269,-0.6449,0.0150,0.2161,0.2166,-0.0000,-0.0000,-1.3947,-0.6996,0.0918,0.3203,0.3332,0.0042,-0.0005,1.0336
24.7823,-2.4236,-0.6188,0.0206,0.2501,0.2510,-0.0000,0.0000,-1.3893,-0.6706,0.0481,0.3067,0.3104,0.0041,-0.0013,1.0356
24.8826,-2.4234,-0.5979,0.0091,0.2203,0.2205,-0.0000,0.0001,-1.3830,-0.6351,0.0571,0.3412,0.3459,0.0040,-0.0013,1.0411
24.9837,-2.4225,-0.5754,0.0014,0.2247,0.2248,-0.0000,-0.0005,-1.3795,-0.5998,0.0252,0.3588,0.3597,0.0038,-0.0014,1.0433
25.0837,-2.4253,-0.5522,-0.0296,0.2203,0.2223,-0.0000,-0.0001,-1.3764,-0.5637,-0.0065,0.3452,0.3453,0.0036,-0.0020,1.0489
25.1840,-2.4283,-0.5307,-0.0329,0.2127,0.2152,-0.0000,0.0000,-1.3902,-0.5260,-0.0506,0.3642,0.3677,0.0035,-0.0015,1.0381
25.2833,-2.4279,-0.5083,-0.0291,0.2051,0.2072,-0.0000,-0.0001,-1.3915,-0.4928,-0.0474,0.3479,0.3511,0.0033,-0.0015,1.0365
25.3844,-2.4348,-0.4836,-0.0711,0.2360,0.2465,-0.0000,0.0004,-1.3984,-0.4587,-0.0751,0.3345,0.3428,0.0031,-0.0018,1.0367
25.4851,-2.4384,-0.4624,-0.0475,0.2153,0.2205,-0.0000,-0.0002,-1.4042,-0.4247,-0.0627,0.3265,0.3325,0.0029,-0.0022,1.0348
25.5853,-2.4437,-0.4397,-0.0634,0.2206,0.2296,-0.0000,0.0001,-1.4146,-0.3939,-0.1026,0.2946,0.3120,0.0027,-0.0022,1.0301
25.6867,-2.4474,-0.4187,-0.0434,0.2117,0.2161,-0.0000,-0.0000,-1.4230,-0.3652,-0.0937,0.2699,0.2858,0.0025,-0.0019,1.0257
25.7861,-2.4557,-0.3981,-0.0864,0.2044,0.2219,-0.0000,0.0005,-1.4340,-0.3409,-0.1123,0.2303,0.2562,0.0023,-0.0024,1.0233
25.8873,-2.4640,-0.3788,-0.0964,0.2001,0.2221,-0.0000,0.0001,-1.4425,-0.3194,-0.1174,0.1935,0.2263,0.0020,-0.0023,1.0232
25.9869,-2.4727,-0.3575,-0.0969,0.2088,0.2302,-0.0000,0.0001,-1.4571,-0.3029,-0.1412,0.1485,0.2049,0.0018,-0.0024,1.0171
26.0879,-2.4843,-0.3394,-0.1234,0.1720,0.2117,-0.0000,0.0001,-1.4639,-0.2868,-0.0952,0.1370,0.1668,0.0016,-0.0022,1.0218
26.1881,-2.4944,-0.3199,-0.1102,0.1912,0.2207,-0.0000,-0.0001,-1.4776,-0.2760,-0.1117,0.0948,0.1465,0.0014,-0.0019,1.0178
26.2864,-2.5071,-0.3005,-0.1323,0.1844,0.2269,-0.0000,-0.0003,-1.4918,-0.2664,-0.1370,0.0844,0.1610,0.0012,-0.0024,1.0158
26.3877,-2.5176,-0.2826,-0.1149,0.1774,0.2113,-0.0000,0.0001,-1.5005,-0.2591,-0.0910,0.0672,0.1131,0.0010,-0.0025,1.0174
26.4885,-2.5323,-0.2667,-0.1299,0.1542,0.2016,-0.0000,0.0003,-1.5176,-0.2498,-0.1455,0.0803,0.1662,0.0007,-0.0021,1.0149
26.5897,-2.5477,-0.2519,-0.1543,0.1478,0.2137,-0.0000,-0.0000,-1.5293,-0.2445,-0.1351,0.0712,0.1527,0.0005,-0.0024,1.0184
26.6903,-2.5624,-0.2351,-0.1466,0.1393,0.2022,-0.0000,-0.0001,-1.5456,-0.2417,-0.1584,0.0496,0.1660,0.0003,-0.0022,1.0169
26.7899,-2.5802,-0.2177,-0.1802,0.1644,0.2439,-0.0000,-0.0000,-1.5597,-0.2308,-0.1738,0.0925,0.1969,0.0001,-0.0025,1.0206
26.8903,-2.5932,-0.2038,-0.1391,0.1448,0.2008,-0.0000,-0.0002,-1.5750,-0.2258,-0.1653,0.0774,0.1825,-0.0002,-0.0018,1.0184
26.9897,-2.6124,-0.1930,-0.1912,0.1126,0.2219,-0.0000,0.0001,-1.5908,-0.2139,-0.1669,0.0907,0.1900,-0.0004,-0.0020,1.0218
27.0886,-2.6310,-0.1799,-0.1764,0.1268,0.2172,-0.0000,0.0001,-1.6038,-0.1987,-0.1471,0.1420,0.2044,-0.0006,-0.0023,1.0274
27.1905,-2.6501,-0.1680,-0.1958,0.1152,0.2271,-0.0000,0.0002,-1.6225,-0.1862,-0.1652,0.1525,0.2249,-0.0008,-0.0019,1.0278
27.2895,-2.6683,-0.1557,-0.1947,0.1153,0.2263,-0.0000,0.0003,-1.6391,-0.1692,-0.1750,0.1756,0.2479,-0.0010,-0.0022,1.0293
27.3898,-2.6900,-0.1442,-0.2193,0.1122,0.2463,-0.0000,-0.0001,-1.6601,-0.1506,-0.2053,0.1929,0.2816,-0.0013,-0.0027,1.0300
27.4900,-2.7085,-0.1358,-0.1868,0.0875,0.2062,-0.0000,0.0003,-1.6772,-0.1280,-0.1943,0.2165,0.2909,-0.0015,-0.0019,1.0313
27.5903,-2.7318,-0.1265,-0.2336,0.0899,0.2503,-0.0000,0.0005,-1.7012,-0.1076,-0.2455,0.2009,0.3173,-0.0017,-0.0028,1.0307
27.6901,-2.7508,-0.1179,-0.2102,0.0973,0.2316,-0.0000,-0.0000,-1.7240,-0.0843,-0.2477,0.2090,0.3241,-0.0020,-0.0024,1.0274
27.7902,-2.7722,-0.1105,-0.2202,0.0737,0.2323,-0.0000,0.0001,-1.7522,-0.0680,-0.2890,0.1749,0.3378,-0.0022,-0.0020,1.0210
27.8928,-2.7969,-0.1038,-0.2384,0.0667,0.2476,-0.0000,-0.0001,-1.7783,-0.0527,-0.2792,0.1413,0.3129,-0.0024,-0.0023,1.0199
27.9918,-2.8175,-0.0974,-0.2264,0.0623,0.2349,-0.0000,-0.0000,-1.8097,-0.0422,-0.3056,0.0966,0.3205,-0.0026,-0.0022,1.0093
28.0935,-2.8356,-0.0947,-0.2009,0.0325,0.2035,-0.0000,0.0002,-1.8405,-0.0338,-0.3069,0.0635,0.3135,-0.0029,-0.0021,0.9970
28.1913,-2.8611,-0.0890,-0.2364,0.0449,0.2406,-0.0000,-0.0000,-1.8696,-0.0297,-0.2937,0.0241,0.2947,-0.0031,-0.0021,0.9932
28.2941,-2.8832,-0.0864,-0.2191,0.0221,0.2202,-0.0000,0.0004,-1.9045,-0.0302,-0.3254,-0.0163,0.3258,-0.0033,-0.0022,0.9803
28.3926,-2.9067,-0.0854,-0.2397,0.0144,0.2402,-0.0000,-0.0001,-1.9312,-0.0293,-0.2863,-0.0245,0.2873,-0.0035,-0.0015,0.9771
28.4946,-2.9305,-0.0806,-0.2374,0.0319,0.2395,-0.0000,0.0002,-1.9591,-0.0355,-0.2716,-0.0615,0.2785,-0.0036,-0.0010,0.9725
28.5948,-2.9518,-0.0817,-0.2332,0.0034,0.2332,-0.0000,0.0003,-1.9833,-0.0388,-0.2245,-0.0595,0.2322,-0.0037,-0.0002,0.9695
28.6944,-3.0025,-0.0753,-0.2152,-0.0252,0.2167,-0.0000,0.0001,-2.0076,-0.0471,-0.2272,-0.0841,0.2423,-0.0037,0.0007,0.9953
28.7945,-3.0257,-0.0724,-0.2240,-0.0183,0.2248,-0.0000,0.0001,-2.0300,-0.0530,-0.2007,-0.0684,0.2121,-0.0036,0.0013,0.9959
28.8948,-3.0492,-0.0729,-0.2299,-0.0189,0.2307,-0.0000,0.0001,-2.0458,-0.0635,-0.1619,-0.0992,0.1899,-0.0035,0.0012,1.0034
28.9956,-3.0696,-0.0764,-0.2159,-0.0384,0.2193,-0.0000,-0.0002,-2.0631,-0.0721,-0.1303,-0.0880,0.1572,-0.0034,0.0016,1.0065
29.0956,-3.0936,-0.0783,-0.2353,-0.0281,0.2370,-0.0000,0.0000,-2.0839,-0.0800,-0.1802,-0.0775,0.1962,-0.0032,0.0019,1.0097
29.1967,-3.1121,-0.0854,-0.1942,-0.0712,0.2069,-0.0000,0.0001,-2.1049,-0.1000,-0.1268,-0.0970,0.1597,0.0005,0.0022,1.0073
29.2965,-3.1399,-0.0902,-0.2595,-0.0543,0.2652,-0.0000,-0.0001,-2.1204,-0.1079,-0.1512,-0.0812,0.1717,0.0007,0.0016,1.0196
29.3979,-3.1559,-0.0928,-0.1875,-0.0636,0.1979,-0.0000,-0.0000,-2.1451,-0.1141,-0.2394,-0.0643,0.2479,0.0008,0.0011,1.0111
29.4966,-3.1814,-0.0995,-0.2435,-0.0736,0.2544,-0.0000,0.0002,-2.1614,-0.1194,-0.2018,-0.0479,0.2074,0.0010,0.0018,1.0202
29.5972,-3.1976,-0.1079,-0.1962,-0.0832,0.2131,-0.0000,-0.0004,-2.1842,-0.1225,-0.2191,-0.0233,0.2204,0.0012,0.0018,1.0135
29.6987,-3.2210,-0.1185,-0.2212,-0.1035,0.2443,-0.0000,-0.0000,-2.2125,-0.1263,-0.2732,-0.0297,0.2749,0.0014,0.0018,1.0085
29.7988,-3.2395,-0.1251,-0.1860,-0.0815,0.2031,-0.0000,-0.0001,-2.2366,-0.1241,-0.2801,0.0032,0.2801,0.0016,0.0017,1.0029
29.8984,-3.2616,-0.1356,-0.2132,-0.1087,0.2393,-0.0000,0.0001,-2.2654,-0.1253,-0.2833,-0.0016,0.2833,0.0018,0.0019,0.9963
29.9999,-3.2777,-0.1464,-0.1944,-0.0978,0.2176,-0.0000,-0.0000,-2.2935,-0.1272,-0.2982,-0.0041,0.2982,0.0020,0.0024,0.9844
30.1011,-3.2928,-0.1598,-0.1584,-0.1294,0.2045,-0.0000,-0.0002,-2.3246,-0.1281,-0.3095,-0.0146,0.3098,0.0022,0.0024,0.9687
30.2062,-3.3108,-0.1717,-0.1620,-0.1154,0.1988,-0.0000,-0.0002,-2.3565,-0.1276,-0.3187,-0.0177,0.3192,0.0024,0.0022,0.9554
30.3037,-3.3298,-0.1874,-0.1764,-0.1539,0.2341,-0.0000,0.0002,-2.3859,-0.1340,-0.2890,-0.0531,0.2938,0.0027,0.0019,0.9454
30.4023,-3.3475,-0.1994,-0.1700,-0.1405,0.2205,-0.0000,-0.0000,-2.4161,-0.1376,-0.2870,-0.0627,0.2938,0.0029,0.0024,0.9334
30.5030,-3.3636,-0.2109,-0.1556,-0.1282,0.2016,-0.0000,0.0001,-2.4401,-0.1478,-0.2402,-0.0976,0.2593,0.0031,0.0024,0.9257
30.6022,-3.3785,-0.2287,-0.1317,-0.1687,0.2141,-0.0000,0.0001,-2.4599,-0.1569,-0.1971,-0.1143,0.2278,0.0033,0.0013,0.9214
30.7017,-3.3956,-0.2441,-0.1601,-0.1567,0.2240,-0.0000,0.0001,-2.4776,-0.1692,-0.1773,-0.1224,0.2154,0.0034,-0.0001,0.9211
30.8008,-3.4076,-0.2624,-0.1199,-0.1714,0.2092,-0.0000,0.0001,-2.4872,-0.1898,-0.1123,-0.1924,0.2228,0.0034,-0.0014,0.9233
30.9046,-3.4224,-0.2800,-0.1397,-0.1751,0.2239,-0.0000,-0.0001,-2.4966,-0.2105,-0.0769,-0.2196,0.2327,0.0032,-0.0026,0.9285
31.0029,-3.4346,-0.2983,-0.1015,-0.1799,0.2065,-0.0000,0.0002,-2.5031,-0.2349,-0.0528,-0.2443,0.2499,0.0030,-0.0034,0.9336
31.1016,-3.4473,-0.3199,-0.1177,-0.2086,0.2395,-0.0000,0.0002,-2.5053,-0.2619,-0.0174,-0.2697,0.2703,0.0026,-0.0042,0.9437
31.2024,-3.4580,-0.3388,-0.0981,-0.2043,0.2266,-0.0000,0.0001,-2.5079,-0.2855,-0.0128,-0.2620,0.2623,0.0022,-0.0045,0.9516
31.3028,-3.4700,-0.3582,-0.1081,-0.1977,0.2253,-0.0000,-0.0002,-2.5096,-0.3162,-0.0019,-0.2976,0.2976,0.0018,-0.0047,0.9613
31.4027,-3.4783,-0.3802,-0.0853,-0.2187,0.2348,-0.0000,-0.0005,-2.5103,-0.3447,0.0001,-0.2947,0.2947,0.0013,-0.0053,0.9686
31.5029,-3.4873,-0.3996,-0.0855,-0.1996,0.2171,-0.0000,-0.0003,-2.5096,-0.3725,0.0019,-0.2934,0.2934,0.0008,-0.0056,0.9781
31.6016,-3.4958,-0.4204,-0.0794,-0.2003,0.2155,-0.0000,-0.0000,-2.5015,-0.4070,0.0500,-0.3288,0.3326,0.0002,-0.0056,0.9944
31.7049,-3.4999,-0.4418,-0.0420,-0.2109,0.2150,-0.0000,-0.0001,-2.5036,-0.4351,0.0167,-0.2915,0.2920,-0.0004,-0.0055,0.9964
31.8046,-3.5068,-0.4650,-0.0498,-0.2196,0.2252,-0.0000,0.0001,-2.5034,-0.4704,0.0017,-0.3247,0.3248,-0.0009,-0.0056,1.0035
31.9043,-3.5109,-0.4872,-0.0344,-0.2211,0.2237,-0.0000,0.0000,-2.5042,-0.5024,-0.0136,-0.3306,0.3308,-0.0015,-0.0057,1.0068
32.0063,-3.5178,-0.5134,-0.0478,-0.2454,0.2500,-0.0000,-0.0004,-2.5024,-0.5276,-0.0070,-0.2694,0.2695,-0.0021,-0.0058,1.0155
32.1054,-3.5213,-0.5354,-0.0290,-0.2319,0.2338,-0.0000,0.0000,-2.5080,-0.5582,-0.0537,-0.2802,0.2853,-0.0026,-0.0043,1.0135
32.2054,-3.5273,-0.5556,-0.0395,-0.2122,0.2159,-0.0000,0.0001,-2.5141,-0.5836,-0.0671,-0.2482,0.2571,-0.0030,-0.0035,1.0135
32.3069,-3.5272,-0.5796,-0.0104,-0.2273,0.2276,-0.0000,-0.0002,-2.5241,-0.6054,-0.1020,-0.2165,0.2394,-0.0034,-0.0027,1.0034
32.4093,-3.5258,-0.6031,0.0076,-0.2296,0.2297,-0.0000,-0.0000,-2.5248,-0.6274,-0.0432,-0.2046,0.2091,-0.0036,-0.0014,1.0013
32.5092,-3.5276,-0.6245,-0.0113,-0.2001,0.2004,-0.0000,-0.0001,-2.5384,-0.6421,-0.0889,-0.1541,0.1779,-0.0038,-0.0017,0.9893
32.6074,-3.5243,-0.6498,0.0293,-0.2405,0.2422,-0.0000,0.0000,-2.5482,-0.6588,-0.0920,-0.1544,0.1798,-0.0039,-0.0011,0.9762
32.7084,-3.5234,-0.6718,0.0345,-0.2271,0.2297,-0.0000,0.0001,-2.5544,-0.6716,-0.0516,-0.1338,0.1434,-0.0040,-0.0005,0.9690
32.8099,-3.5193,-0.6942,0.0456,-0.2193,0.2240,-0.0000,0.0004,-2.5731,-0.6834,-0.1283,-0.1233,0.1780,-0.0040,0.0005,0.9463
32.9090,-3.5152,-0.7442,0.0518,-0.2043,0.2107,-0.0000,0.0002,-2.5732,-0.6978,-0.0434,-0.1439,0.1503,-0.0039,0.0017,0.9431
33.0093,-3.5129,-0.7707,0.0409,-0.2450,0.2484,-0.0000,0.0001,-2.5788,-0.7123,-0.0352,-0.1503,0.1543,-0.0037,0.0026,0.9360
33.1084,-3.5042,-0.7890,0.0793,-0.2150,0.2292,-0.0000,-0.0003,-2.5621,-0.7369,-0.0035,-0.1631,0.1631,-0.0069,0.0032,0.9436
33.2088,-3.4999,-0.8101,0.0587,-0.2086,0.2167,-0.0000,-0.0000,-2.5610,-0.7566,0.0261,-0.1992,0.2009,-0.0066,0.0038,0.9404
33.3100,-3.4901,-0.8297,0.0921,-0.2084,0.2278,-0.0000,0.0000,-2.5571,-0.7744,0.0608,-0.2011,0.2101,-0.0062,0.0040,0.9347
33.4129,-3.4830,-0.8451,0.0800,-0.1703,0.1881,-0.0000,0.0002,-2.5500,-0.7964,0.0873,-0.2300,0.2460,-0.0058,0.0047,0.9342
33.5137,-3.4724,-0.8692,0.1015,-0.2010,0.2252,-0.0000,0.0002,-2.5342,-0.8225,0.1500,-0.2587,0.2990,-0.0053,0.0046,0.9393
33.6286,-3.4618,-0.8907,0.1100,-0.2055,0.2331,-0.0000,0.0001,-2.5225,-0.8503,0.1464,-0.2980,0.3320,-0.0048,0.0055,0.9401
33.7194,-3.4486,-0.9115,0.1320,-0.1969,0.2370,-0.0000,0.0002,-2.5095,-0.8775,0.1482,-0.2818,0.3184,-0.0043,0.0058,0.9397
33.8160,-3.4366,-0.9251,0.1265,-0.1538,0.1992,-0.0000,0.0001,-2.4878,-0.9106,0.1834,-0.2952,0.3475,-0.0037,0.0060,0.9489
33.9147,-3.4275,-0.9444,0.1064,-0.1713,0.2017,-0.0000,-0.0001,-2.4668,-0.9432,0.2160,-0.3185,0.3848,-0.0031,0.0065,0.9608
34.0140,-3.4135,-0.9614,0.1388,-0.1636,0.2145,-0.0000,0.0001,-2.4440,-0.9750,0.2359,-0.3250,0.4016,-0.0025,0.0062,0.9696
34.1162,-3.3957,-0.9801,0.1530,-0.1589,0.2206,-0.0000,-0.0002,-2.4214,-1.0032,0.2358,-0.2785,0.3649,-0.0019,0.0062,0.9746
34.2157,-3.3798,-0.9961,0.1594,-0.1533,0.2211,-0.0000,0.0001,-2.3970,-1.0333,0.2381,-0.2916,0.3764,-0.0012,0.0065,0.9835
34.3161,-3.3654,-1.0125,0.1389,-0.1364,0.1947,-0.0000,-0.0001,-2.3651,-1.0614,0.3099,-0.2684,0.4100,-0.0005,0.0066,1.0015
34.4209,-3.3469,-1.0270,0.1800,-0.1369,0.2261,-0.0000,-0.0001,-2.3425,-1.0848,0.2721,-0.2404,0.3631,0.0002,0.0074,1.0061
34.5188,-3.3308,-1.0434,0.1572,-0.1370,0.2085,-0.0000,-0.0001,-2.3201,-1.1078,0.2210,-0.2096,0.3046,0.0009,0.0070,1.0127
34.6174,-3.3090,-1.0593,0.2054,-0.1416,0.2495,-0.0000,-0.0001,-2.2968,-1.1258,0.2111,-0.1767,0.2753,0.0016,0.0072,1.0144
34.7183,-3.2927,-1.0730,0.1883,-0.1463,0.2385,-0.0000,-0.0000,-2.2757,-1.1400,0.2023,-0.1234,0.2369,0.0023,0.0063,1.0192
34.8182,-3.2782,-1.0811,0.1618,-0.0903,0.1853,-0.0000,-0.0002,-2.2537,-1.1517,0.2166,-0.1001,0.2386,0.0029,0.0056,1.0269
34.9187,-3.2583,-1.0937,0.1769,-0.0950,0.2008,-0.0000,0.0001,-2.2318,-1.1575,0.2074,-0.0413,0.2115,0.0035,0.0042,1.0284
35.0181,-3.2367,-1.1040,0.2050,-0.0903,0.2240,-0.0000,-0.0003,-2.2175,-1.1614,0.1740,-0.0278,0.1762,0.0039,0.0036,1.0207
35.1181,-3.2147,-1.1179,0.2063,-0.1012,0.2297,-0.0000,-0.0003,-2.2017,-1.1611,0.1583,0.0108,0.1587,0.0042,0.0024,1.0140
35.2194,-3.1977,-1.1277,0.1834,-0.0880,0.2035,-0.0000,0.0001,-2.1852,-1.1609,0.1426,0.0049,0.1427,0.0044,0.0008,1.0131
35.3199,-3.1755,-1.1334,0.2183,-0.0555,0.2253,-0.0000,0.0002,-2.1704,-1.1574,0.1397,0.0409,0.1455,0.0044,-0.0008,1.0054
35.4190,-3.1581,-1.1418,0.1871,-0.0715,0.2003,-0.0000,-0.0002,-2.1564,-1.1558,0.1279,0.0294,0.1312,0.0043,-0.0019,1.0019
35.5202,-3.1353,-1.1462,0.2286,-0.0485,0.2337,-0.0000,-0.0000,-2.1422,-1.1534,0.1397,0.0257,0.1421,0.0042,-0.0025,0.9932
35.6194,-3.1113,-1.1536,0.2191,-0.0519,0.2252,-0.0000,-0.0002,-2.1301,-1.1492,0.1400,0.0431,0.1465,0.0039,-0.0026,0.9812
35.7197,-3.0929,-1.1577,0.2096,-0.0384,0.2131,-0.0000,-0.0001,-2.1182,-1.1487,0.1274,0.0004,0.1274,0.0036,-0.0036,0.9747
35.8193,-3.0700,-1.1615,0.2103,-0.0369,0.2135,-0.0000,0.0002,-2.1030,-1.1480,0.1405,-0.0042,0.1406,0.0033,-0.0037,0.9671
35.9197,-3.0480,-1.1622,0.2271,-0.0124,0.2275,-0.0000,-0.0001,-2.0904,-1.1493,0.1399,-0.0220,0.1416,0.0029,-0.0039,0.9577
36.0203,-3.0231,-1.1673,0.2192,-0.0153,0.2197,-0.0000,0.0002,-2.0682,-1.1537,0.2136,-0.0428,0.2178,0.0025,-0.0037,0.9550
36.1222,-3.0040,-1.1665,0.2116,0.0098,0.2118,-0.0000,-0.0001,-2.0486,-1.1584,0.2243,-0.0540,0.2307,0.0022,-0.0037,0.9554
36.2201,-2.9816,-1.1662,0.2102,0.0104,0.2105,-0.0000,0.0000,-2.0215,-1.1685,0.2796,-0.0910,0.2940,0.0017,-0.0050,0.9600
36.3228,-2.9593,-1.1661,0.2247,0.0151,0.2252,-0.0000,-0.0001,-1.9947,-1.1736,0.2798,-0.0733,0.2893,0.0012,-0.0050,0.9646
36.4211,-2.9355,-1.1649,0.2198,0.0248,0.2212,-0.0000,-0.0000,-1.9658,-1.1831,0.3030,-0.0869,0.3152,0.0007,-0.0056,0.9698
36.5235,-2.9145,-1.1618,0.2165,0.0384,0.2199,-0.0000,-0.0001,-1.9313,-1.1898,0.3374,-0.0650,0.3436,0.0002,-0.0053,0.9836
36.6212,-2.8888,-1.1598,0.2343,0.0346,0.2368,-0.0000,0.0002,-1.8992,-1.1984,0.3308,-0.0752,0.3393,-0.0003,-0.0048,0.9904
36.7245,-2.8699,-1.1560,0.2115,0.0469,0.2166,-0.0000,0.0001,-1.8624,-1.2037,0.3340,-0.0443,0.3369,-0.0009,-0.0050,1.0086
36.8219,-2.8480,-1.1493,0.2088,0.0724,0.2210,-0.0000,-0.0002,-1.8279,-1.2080,0.3383,-0.0281,0.3395,-0.0014,-0.0056,1.0218
36.9225,-2.8276,-1.1456,0.2076,0.0571,0.2153,-0.0000,0.0000,-1.7963,-1.1975,0.3118,-0.0002,0.3118,-0.0019,-0.0055,1.0326
37.0228,-2.8068,-1.1388,0.2015,0.0630,0.2111,-0.0000,-0.0001,-1.7627,-1.1951,0.3188,0.0401,0.3213,-0.0025,-0.0057,1.0456
37.1218,-2.7865,-1.1272,0.2016,0.1043,0.2270,-0.0000,-0.0001,-1.7366,-1.1880,0.2939,0.0744,0.3032,-0.0030,-0.0054,1.0517
37.2225,-2.7689,-1.1165,0.1776,0.1187,0.2136,-0.0000,0.0003,-1.7136,-1.1772,0.2338,0.1160,0.2610,-0.0035,-0.0045,1.0570
37.3229,-2.7038,-1.1016,0.2217,0.0820,0.2364,-0.0000,-0.0003,-1.6927,-1.1639,0.2028,0.1320,0.2420,-0.0039,-0.0036,1.0130
37.4268,-2.6893,-1.0873,0.1861,0.1310,0.2276,-0.0000,-0.0001,-1.6758,-1.1496,0.1576,0.1531,0.2197,-0.0042,-0.0024,1.0155
37.5257,-2.6676,-1.0781,0.1957,0.1120,0.2255,-0.0000,0.0002,-1.6576,-1.1293,0.1550,0.1986,0.2519,-0.0044,-0.0009,1.0114
37.6258,-2.6540,-1.0640,0.1440,0.1441,0.2037,-0.0000,-0.0001,-1.6499,-1.1075,0.0819,0.2233,0.2378,-0.0044,0.0007,1.0050
37.7277,-2.6332,-1.0539,0.1688,0.1279,0.2118,-0.0000,0.0001,-1.6405,-1.0876,0.0590,0.2209,0.2286,-0.0043,0.0015,0.9932
37.8306,-2.6144,-1.0380,0.1754,0.1605,0.2378,-0.0000,0.0000,-1.6312,-1.0626,0.0840,0.2462,0.2601,-0.0041,0.0024,0.9835
37.9278,-2.5978,-1.0241,0.1642,0.1533,0.2246,-0.0000,0.0003,-1.6249,-1.0406,0.0910,0.2369,0.2537,-0.0039,0.0029,0.9730
38.0281,-2.5840,-1.0063,0.1373,0.1785,0.2252,-0.0000,-0.0002,-1.6167,-1.0156,0.0944,0.2466,0.2641,-0.0035,0.0039,0.9673
38.1278,-2.5646,-0.9949,0.1676,0.1418,0.2195,-0.0000,-0.0000,-1.6047,-0.9919,0.1076,0.2384,0.2616,-0.0032,0.0044,0.9599
38.2290,-2.5467,-0.9770,0.1668,0.1824,0.2472,-0.0000,0.0002,-1.5893,-0.9681,0.1575,0.2313,0.2799,-0.0027,0.0040,0.9575
38.3284,-2.5361,-0.9582,0.1239,0.1929,0.2293,-0.0000,-0.0003,-1.5710,-0.9458,0.2079,0.2222,0.3043,-0.0023,0.0047,0.9651
38.4291,-2.5218,-0.9404,0.1379,0.1823,0.2285,-0.0000,-0.0003,-1.5541,-0.9253,0.1943,0.1993,0.2783,-0.0018,0.0047,0.9678
38.5297,-2.5080,-0.9228,0.1233,0.1910,0.2273,-0.0000,-0.0001,-1.5325,-0.9060,0.1916,0.2017,0.2782,-0.0013,0.0053,0.9757
38.6316,-2.4999,-0.9032,0.0818,0.1973,0.2135,-0.0000,-0.0004,-1.5060,-0.8904,0.2597,0.1566,0.3033,-0.0008,0.0051,0.9940
38.7342,-2.4875,-0.8822,0.0900,0.2108,0.2292,-0.0000,-0.0000,-1.4793,-0.8759,0.2684,0.1424,0.3039,-0.0003,0.0055,1.0082
38.8340,-2.4762,-0.8613,0.0979,0.2115,0.2330,-0.0000,0.0000,-1.4522,-0.8617,0.2682,0.1411,0.3031,0.0002,0.0053,1.0240
38.9342,-2.4629,-0.8415,0.1160,0.2145,0.2439,-0.0000,0.0001,-1.4274,-0.8487,0.2396,0.1340,0.2745,0.0007,0.0054,1.0356
39.0335,-2.4581,-0.8204,0.0497,0.2145,0.2202,-0.0000,-0.0000,-1.4001,-0.8346,0.2517,0.1369,0.2865,0.0013,0.0051,1.0581
39.1338,-2.4485,-0.7985,0.0858,0.2282,0.2438,-0.0000,-0.0002,-1.3764,-0.8252,0.2299,0.1217,0.2601,0.0018,0.0035,1.0724
39.2336,-2.4431,-0.7763,0.0482,0.2252,0.2303,-0.0000,-0.0002,-1.3583,-0.8103,0.1714,0.1535,0.2301,0.0021,0.0029,1.0854
39.3368,-2.4343,-0.7542,0.0615,0.2274,0.2356,-0.0000,0.0000,-1.3420,-0.7978,0.1309,0.1498,0.1990,0.0023,0.0011,1.0932
39.4349,-2.4280,-0.7294,0.0498,0.2462,0.2512,-0.0000,0.0001,-1.3304,-0.7772,0.0920,0.2078,0.2273,0.0024,0.0006,1.0986
39.5359,-2.4242,-0.7086,0.0441,0.2166,0.2211,-0.0000,-0.0001,-1.3234,-0.7567,0.0517,0.2179,0.2239,0.0024,-0.0006,1.1019
39.6374,-2.4178,-0.6876,0.0507,0.2154,0.2212,-0.0000,-0.0002,-1.3195,-0.7325,0.0235,0.2451,0.2463,0.0024,-0.0009,1.0991
39.7378,-2.4159,-0.6633,0.0265,0.2403,0.2418,-0.0000,0.0001,-1.3207,-0.7101,-0.0217,0.2436,0.2446,0.0023,-0.0016,1.0962
39.8360,-2.4161,-0.6395,-0.0052,0.2350,0.2351,-0.0000,0.0002,-1.3260,-0.6832,-0.0568,0.2608,0.2669,0.0021,-0.0011,1.0909
39.9390,-2.4124,-0.6175,0.0236,0.2393,0.2405,-0.0000,0.0000,-1.3300,-0.6544,-0.0647,0.2874,0.2945,0.0020,-0.0020,1.0830
40.0377,-2.4121,-0.5931,-0.0072,0.2454,0.2455,-0.0000,-0.0002,-1.3452,-0.6258,-0.1322,0.2798,0.3095,0.0018,-0.0023,1.0674
40.1382,-2.4148,-0.5712,-0.0130,0.2353,0.2356,-0.0000,0.0001,-1.3532,-0.5958,-0.1091,0.2960,0.3154,0.0016,-0.0021,1.0619
40.2380,-2.4158,-0.5502,-0.0182,0.2171,0.2179,-0.0000,0.0002,-1.3669,-0.5644,-0.1438,0.3087,0.3406,0.0013,-0.0028,1.0490
40.3386,-2.4160,-0.5275,-0.0103,0.2313,0.2315,-0.0000,0.0000,-1.3800,-0.5325,-0.1434,0.3143,0.3454,0.0011,-0.0026,1.0360
40.4385,-2.4227,-0.5041,-0.0706,0.2308,0.2414,-0.0000,0.0000,-1.3943,-0.5016,-0.1445,0.3098,0.3418,0.0008,-0.0023,1.0285
40.5391,-2.4279,-0.4846,-0.0546,0.1880,0.1958,-0.0000,-0.0000,-1.4100,-0.4678,-0.1506,0.3252,0.3584,0.0005,-0.0027,1.0180
40.6399,-2.4319,-0.4599,-0.0525,0.2413,0.2469,-0.0000,0.0000,-1.4268,-0.4380,-0.1587,0.3061,0.3448,0.0003,-0.0028,1.0053
40.7410,-2.4377,-0.4389,-0.0592,0.2157,0.2237,-0.0000,-0.0001,-1.4360,-0.4059,-0.1101,0.3029,0.3223,-0.0000,-0.0026,1.0022
40.8477,-2.4457,-0.4167,-0.0854,0.2201,0.2361,-0.0000,-0.0001,-1.4610,-0.3700,-0.1328,0.2644,0.2959,-0.0003,-0.0026,0.9858
40.9441,-2.4568,-0.3992,-0.1076,0.1866,0.2154,-0.0000,-0.0001,-1.4685,-0.3465,-0.0922,0.2287,0.2465,-0.0006,-0.0028,0.9897
41.0432,-2.4621,-0.3760,-0.0786,0.2222,0.2357,-0.0000,0.0001,-1.4813,-0.3249,-0.0905,0.2101,0.2288,-0.0008,-0.0030,0.9822
41.1433,-2.4744,-0.3563,-0.1209,0.1953,0.2297,-0.0000,0.0003,-1.4902,-0.3023,-0.0789,0.2056,0.2202,-0.0011,-0.0034,0.9857
41.2429,-2.4814,-0.3382,-0.0976,0.1891,0.2128,-0.0000,0.0001,-1.4953,-0.2840,-0.0595,0.1750,0.1848,-0.0014,-0.0035,0.9876
41.3496,-2.4929,-0.3208,-0.1215,0.1770,0.2146,-0.0000,0.0001,-1.5026,-0.2704,-0.0617,0.1386,0.1517,-0.0018,-0.0033,0.9916
41.4481,-2.5063,-0.2998,-0.1208,0.1898,0.2250,-0.0000,-0.0001,-1.5069,-0.2558,-0.0436,0.1341,0.1410,-0.0021,-0.0031,1.0004
41.5473,-2.5362,-0.2730,-0.1482,0.1674,0.2236,-0.0000,-0.0000,-1.5091,-0.2434,-0.0271,0.1199,0.1230,-0.0024,-0.0031,1.0275
41.6443,-2.5480,-0.2564,-0.1344,0.1681,0.2153,-0.0000,-0.0002,-1.5147,-0.2323,-0.0470,0.1105,0.1201,-0.0027,-0.0028,1.0336
41.7460,-2.5659,-0.2410,-0.1757,0.1529,0.2329,-0.0000,-0.0000,-1.5225,-0.2252,-0.0731,0.0755,0.1051,-0.0030,-0.0030,1.0435
41.8454,-2.5825,-0.2248,-0.1855,0.1584,0.2440,-0.0000,-0.0001,-1.5237,-0.2169,-0.0405,0.0767,0.0867,-0.0033,-0.0028,1.0588
41.9455,-2.5965,-0.2090,-0.1607,0.1501,0.2199,-0.0000,-0.0003,-1.5347,-0.2081,-0.1012,0.0894,0.1350,-0.0036,-0.0032,1.0618
42.0461,-2.6155,-0.1968,-0.1907,0.1228,0.2268,-0.0000,0.0001,-1.5413,-0.2031,-0.1051,0.0769,0.1302,-0.0039,-0.0019,1.0741
42.1463,-2.6322,-0.1843,-0.1760,0.1221,0.2142,-0.0000,0.0003,-1.5544,-0.1975,-0.1458,0.0703,0.1618,-0.0041,-0.0010,1.0779
42.2463,-2.6479,-0.1723,-0.1622,0.1189,0.2011,-0.0000,-0.0001,-1.5740,-0.1880,-0.2015,0.0894,0.2204,-0.0041,0.0008,1.0740
42.3458,-2.6681,-0.1592,-0.1983,0.1226,0.2331,-0.0000,-0.0002,-1.5878,-0.1748,-0.1837,0.1279,0.2238,-0.0041,0.0012,1.0805
42.4475,-2.6889,-0.1493,-0.2030,0.1016,0.2270,-0.0000,-0.0001,-1.6191,-0.1633,-0.2732,0.1279,0.3016,-0.0039,0.0015,1.0698
42.5460,-2.7092,-0.1403,-0.2060,0.0894,0.2246,-0.0000,0.0001,-1.6432,-0.1502,-0.2697,0.1322,0.3003,-0.0037,0.0025,1.0661
42.6483,-2.7287,-0.1296,-0.2064,0.0942,0.2269,-0.0000,-0.0003,-1.6812,-0.1356,-0.3742,0.1500,0.4032,-0.0035,0.0025,1.0475
42.7479,-2.7503,-0.1230,-0.2171,0.0661,0.2270,-0.0000,-0.0002,-1.7102,-0.1199,-0.3220,0.1564,0.3580,-0.0032,0.0030,1.0401
42.8477,-2.7712,-0.1119,-0.2164,0.0927,0.2354,-0.0000,-0.0001,-1.7458,-0.1048,-0.3609,0.1409,0.3874,-0.0029,0.0037,1.0255
42.9501,-2.7924,-0.1070,-0.2167,0.0495,0.2223,-0.0000,0.0004,-1.7828,-0.0879,-0.3727,0.1525,0.4027,-0.0025,0.0034,1.0097
43.0481,-2.8141,-0.1017,-0.2012,0.0457,0.2064,-0.0000,0.0002,-1.8168,-0.0728,-0.3668,0.1409,0.3929,-0.0022,0.0034,0.9978
43.1473,-2.8371,-0.0964,-0.2273,0.0432,0.2314,-0.0000,0.0001,-1.8526,-0.0600,-0.3596,0.1206,0.3793,-0.0019,0.0038,0.9852
43.2495,-2.8586,-0.0919,-0.2242,0.0235,0.2254,-0.0000,0.0000,-1.8892,-0.0465,-0.3543,0.1165,0.3730,-0.0015,0.0041,0.9704
43.3478,-2.8819,-0.0863,-0.2301,0.0426,0.2340,-0.0000,0.0005,-1.9239,-0.0357,-0.3350,0.0973,0.3488,-0.0011,0.0037,0.9593
43.4491,-2.9037,-0.0831,-0.2357,0.0242,0.2369,-0.0000,-0.0003,-1.9520,-0.0284,-0.2727,0.0671,0.2809,-0.0007,0.0037,0.9533
43.5475,-2.9250,-0.0830,-0.2165,0.0039,0.2165,-0.0000,-0.0000,-1.9829,-0.0215,-0.2764,0.0483,0.2805,-0.0004,0.0037,0.9441
43.6493,-2.9494,-0.0808,-0.2426,0.0137,0.2430,-0.0000,-0.0001,-2.0097,-0.0188,-0.2586,0.0175,0.2592,0.0000,0.0039,0.9418
43.7482,-2.9739,-0.0795,-0.2428,0.0054,0.2428,-0.0000,-0.0003,-2.0265,-0.0178,-0.1862,-0.0007,0.1862,0.0004,0.0041,0.9494
43.8491,-2.9957,-0.0817,-0.2349,-0.0197,0.2357,-0.0000,-0.0002,-2.0473,-0.0242,-0.1875,-0.0534,0.1949,0.0008,0.0038,0.9501
43.9482,-3.0159,-0.0813,-0.2120,-0.0050,0.2120,-0.0000,-0.0000,-2.0590,-0.0285,-0.1074,-0.0698,0.1281,0.0012,0.0040,0.9583
44.0518,-3.0390,-0.0860,-0.2236,-0.0514,0.2294,-0.0000,-0.0002,-2.0771,-0.0342,-0.1416,-0.0775,0.1614,0.0016,0.0036,0.9633
44.1499,-3.0604,-0.0883,-0.2145,-0.0309,0.2168,-0.0000,-0.0000,-2.0860,-0.0477,-0.1058,-0.1122,0.1542,0.0020,0.0039,0.9752
44.2494,-3.0824,-0.0902,-0.2098,-0.0316,0.2121,-0.0000,0.0003,-2.0912,-0.0573,-0.0753,-0.1140,0.1366,0.0023,0.0036,0.9918
44.3490,-3.1064,-0.0984,-0.2309,-0.0764,0.2432,-0.0000,-0.0000,-2.1048,-0.0741,-0.0924,-0.1492,0.1755,0.0027,0.0036,1.0019
44.4512,-3.1259,-0.1030,-0.2049,-0.0621,0.2141,-0.0000,-0.0003,-2.1172,-0.0858,-0.1195,-0.1325,0.1784,0.0031,0.0036,1.0088
44.5500,-3.1468,-0.1079,-0.2067,-0.0599,0.2152,-0.0000,0.0005,-2.1293,-0.1011,-0.1117,-0.1480,0.1855,0.0034,0.0022,1.0175
44.6513,-3.1698,-0.1160,-0.2183,-0.0776,0.2317,-0.0000,0.0002,-2.1375,-0.1155,-0.1004,-0.1482,0.1790,0.0036,0.0016,1.0323
44.7500,-3.1889,-0.1275,-0.1937,-0.1091,0.2223,-0.0000,-0.0001,-2.1600,-0.1291,-0.1713,-0.1401,0.2213,0.0036,-0.0008,1.0288
44.8506,-3.2098,-0.1339,-0.1926,-0.0802,0.2087,-0.0000,-0.0003,-2.1782,-0.1420,-0.1950,-0.1281,0.2333,0.0034,-0.0018,1.0316
44.9542,-3.2284,-0.1461,-0.1846,-0.1231,0.2219,-0.0000,-0.0000,-2.2047,-0.1498,-0.2631,-0.0984,0.2809,0.0031,-0.0031,1.0237
45.0551,-3.2481,-0.1539,-0.1885,-0.0967,0.2118,-0.0000,0.0000,-2.2274,-0.1572,-0.2524,-0.0780,0.2642,0.0028,-0.0034,1.0206
