time_s,leader_x_m,leader_y_m,leader_vx_ms,leader_vy_ms,leader_v_ms,follower_x_m,follower_y_m,follower_vx_ms,follower_vy_ms,follower_v_ms,distance_m
0.6020,-1.0834,-0.6037,-0.0753,-0.2734,0.2835,2.9471,-0.0169,-0.1218,0.1499,0.1931,4.0730
1.6590,-1.0924,-0.6302,-0.0893,-0.2664,0.2810,2.9362,-0.0290,-0.1152,0.1256,0.1704,4.0732
1.7587,-1.1099,-0.6566,-0.1444,-0.2647,0.3015,2.9152,-0.0510,-0.2550,0.2417,0.3514,4.0705
1.8581,-1.1194,-0.6853,-0.1348,-0.2734,0.3048,2.8789,-0.0759,-0.2331,0.3011,0.3808,4.0444
1.9580,-1.1277,-0.7126,-0.1213,-0.2702,0.2962,2.8506,-0.0991,-0.2336,0.2823,0.3664,4.0254
2.0581,-1.1411,-0.7397,-0.1823,-0.2342,0.2968,2.8202,-0.1204,-0.2342,0.2873,0.3706,4.0094
2.1587,-1.1621,-0.7574,-0.1942,-0.1867,0.2694,2.7897,-0.1442,-0.2527,0.2916,0.3859,3.9992
2.2594,-1.1827,-0.7780,-0.2042,-0.2016,0.2870,2.7546,-0.1738,-0.3345,0.3323,0.4715,3.9834
2.3592,-1.2053,-0.7977,-0.2311,-0.1859,0.2966,2.7138,-0.2052,-0.3466,0.3391,0.4849,3.9636
2.4590,-1.2235,-0.8216,-0.1929,-0.2286,0.2991,2.6708,-0.2348,-0.3506,0.3764,0.5144,3.9382
2.5589,-1.2481,-0.8382,-0.2461,-0.1741,0.3015,2.6319,-0.2628,-0.3558,0.3611,0.5069,3.9224
2.6594,-1.2704,-0.8539,-0.2276,-0.1574,0.2767,2.5894,-0.2926,-0.3652,0.3656,0.5168,3.9004
2.7588,-1.2954,-0.8717,-0.2288,-0.1637,0.2813,2.5458,-0.3221,-0.3831,0.3848,0.5430,3.8803
2.8593,-1.3194,-0.8871,-0.2392,-0.1543,0.2847,2.4970,-0.3488,-0.3676,0.4135,0.5533,3.8542
2.9600,-1.3406,-0.9049,-0.2237,-0.1729,0.2828,2.4521,-0.3782,-0.3800,0.3960,0.5488,3.8291
3.0596,-1.3663,-0.9177,-0.2571,-0.1235,0.2853,2.4052,-0.4069,-0.3930,0.3847,0.5499,3.8059
3.1601,-1.3930,-0.9321,-0.2449,-0.1406,0.2824,2.3571,-0.4347,-0.3949,0.3879,0.5536,3.7830
3.2605,-1.4225,-0.9421,-0.2876,-0.1049,0.3062,2.3064,-0.4592,-0.3981,0.4048,0.5677,3.7600
3.3614,-1.4434,-0.9570,-0.2376,-0.1265,0.2692,2.2608,-0.4859,-0.3953,0.3690,0.5408,3.7340
3.4603,-1.4718,-0.9702,-0.2789,-0.1294,0.3075,2.2094,-0.5064,-0.3708,0.3847,0.5343,3.7103
3.5600,-1.4985,-0.9804,-0.2880,-0.0795,0.2988,2.1652,-0.5622,-0.4103,0.4081,0.5787,3.6875
3.6607,-1.5278,-0.9888,-0.2933,-0.0811,0.3043,2.1140,-0.5817,-0.3856,0.4050,0.5592,3.6645
3.7614,-1.5568,-0.9965,-0.2706,-0.0611,0.2775,2.0658,-0.6040,-0.3901,0.3721,0.5391,3.6438
3.8608,-1.6170,-1.0151,-0.2611,-0.0805,0.2733,2.0137,-0.6254,-0.3946,0.3682,0.5397,3.6515
3.9617,-1.6472,-1.0232,-0.2890,-0.0781,0.2994,1.9601,-0.6425,-0.3860,0.3990,0.5551,3.6274
4.0610,-1.6747,-1.0313,-0.2788,-0.0648,0.2862,1.9076,-0.6600,-0.3848,0.3959,0.5521,3.6016
4.1615,-1.7066,-1.0350,-0.3060,-0.0439,0.3091,1.8553,-0.6763,-0.3860,0.3917,0.5499,3.5799
4.2615,-1.7388,-1.0393,-0.3236,-0.0471,0.3271,1.8044,-0.6913,-0.3800,0.3623,0.5250,3.5602
4.3620,-1.7626,-1.0427,-0.2651,-0.0367,0.2676,1.7508,-0.7113,-0.4213,0.3638,0.5566,3.5290
4.4619,-1.7954,-1.0481,-0.2942,-0.0396,0.2968,1.7013,-0.7217,-0.3906,0.3668,0.5359,3.5119
4.5623,-1.8247,-1.0490,-0.2947,0.0029,0.2948,1.6457,-0.7344,-0.4013,0.3908,0.5602,3.4847
4.6627,-1.8578,-1.0497,-0.3203,0.0008,0.3203,1.5964,-0.7463,-0.3880,0.3645,0.5324,3.4675
4.7622,-1.8893,-1.0504,-0.3174,-0.0013,0.3174,1.5447,-0.7587,-0.3932,0.3493,0.5259,3.4464
4.8620,-1.9179,-1.0495,-0.3120,0.0161,0.3124,1.4952,-0.7704,-0.4008,0.3390,0.5249,3.4244
4.9624,-1.9502,-1.0515,-0.3195,-0.0060,0.3196,1.4449,-0.7764,-0.3656,0.3586,0.5121,3.4061
5.0627,-1.9794,-1.0477,-0.2972,0.0484,0.3011,1.3901,-0.7868,-0.4039,0.3792,0.5540,3.3796
5.1622,-2.0096,-1.0460,-0.2999,0.0293,0.3014,1.3413,-0.7972,-0.3932,0.3318,0.5145,3.3600
5.2628,-2.0403,-1.0405,-0.3162,0.0456,0.3195,1.2880,-0.8027,-0.3882,0.3530,0.5247,3.3368
5.3622,-2.0705,-1.0373,-0.3058,0.0383,0.3082,1.2360,-0.8099,-0.3948,0.3438,0.5235,3.3143
5.4632,-2.1023,-1.0344,-0.3101,0.0340,0.3119,1.1854,-0.8183,-0.3981,0.3274,0.5154,3.2948
5.5635,-2.1335,-1.0278,-0.3065,0.0747,0.3155,1.1336,-0.8222,-0.3895,0.3417,0.5181,3.2735
5.6629,-2.1652,-1.0185,-0.3263,0.0897,0.3384,1.0788,-0.8293,-0.4190,0.3458,0.5433,3.2495
5.7629,-2.1954,-1.0103,-0.3081,0.0869,0.3202,1.0294,-0.8342,-0.3960,0.3114,0.5038,3.2296
5.8630,-2.2251,-1.0021,-0.3255,0.1078,0.3429,0.9772,-0.8407,-0.4120,0.2999,0.5095,3.2063
5.9627,-2.2534,-0.9963,-0.2956,0.0736,0.3046,0.9306,-0.8439,-0.3800,0.2916,0.4790,3.1877
6.0631,-2.2847,-0.9841,-0.3085,0.1263,0.3333,0.8808,-0.8454,-0.3641,0.2927,0.4672,3.1684
6.1639,-2.3115,-0.9710,-0.2775,0.1313,0.3070,0.8309,-0.8482,-0.3895,0.2973,0.4899,3.1447
6.2637,-2.3387,-0.9608,-0.2806,0.1133,0.3027,0.7770,-0.8509,-0.3584,0.2615,0.4436,3.1177
6.3636,-2.3669,-0.9473,-0.2801,0.1306,0.3090,0.7259,-0.8559,-0.4137,0.2726,0.4955,3.0942
6.4636,-2.3966,-0.9358,-0.3029,0.1356,0.3318,0.6780,-0.8570,-0.3923,0.2649,0.4734,3.0757
6.5641,-2.4185,-0.9231,-0.2322,0.1433,0.2729,0.6297,-0.8573,-0.3911,0.2781,0.4799,3.0489
6.6638,-2.4477,-0.9044,-0.2624,0.1673,0.3112,0.5795,-0.8585,-0.4172,0.2825,0.5039,3.0275
6.7642,-2.4712,-0.8885,-0.2407,0.1638,0.2912,0.5284,-0.8578,-0.4165,0.2882,0.5065,2.9997
6.8641,-2.4998,-0.8732,-0.2756,0.1586,0.3179,0.4820,-0.8598,-0.3980,0.2648,0.4780,2.9818
6.9651,-2.4981,-0.8329,-0.2442,0.1942,0.3120,0.4321,-0.8605,-0.4179,0.2640,0.4943,2.9303
7.0645,-2.5214,-0.8182,-0.2059,0.1811,0.2742,0.3843,-0.8598,-0.4191,0.2703,0.4987,2.9060
7.1643,-2.5431,-0.7947,-0.2118,0.2230,0.3076,0.3347,-0.8579,-0.4152,0.2719,0.4963,2.8784
7.2649,-2.5647,-0.7777,-0.1930,0.1976,0.2762,0.2908,-0.8574,-0.3921,0.2408,0.4601,2.8567
7.3648,-2.5898,-0.7578,-0.2354,0.1998,0.3088,0.2390,-0.8461,-0.4319,0.2615,0.5049,2.8302
7.4647,-2.6116,-0.7396,-0.2265,0.1922,0.2971,0.1919,-0.8450,-0.4179,0.2495,0.4867,2.8054
7.5646,-2.6349,-0.7176,-0.2206,0.2252,0.3153,0.1458,-0.8417,-0.3965,0.2464,0.4668,2.7835
7.6657,-2.6503,-0.6971,-0.1742,0.2118,0.2742,0.0949,-0.8374,-0.4180,0.2593,0.4919,2.7489
7.7646,-2.6678,-0.6746,-0.1728,0.2248,0.2835,0.0486,-0.8343,-0.4046,0.2409,0.4709,2.7211
7.8644,-2.6851,-0.6518,-0.1598,0.2458,0.2931,-0.0049,-0.8301,-0.4426,0.2618,0.5143,2.6861
7.9650,-2.7059,-0.6291,-0.1947,0.2341,0.3045,-0.0510,-0.8243,-0.4020,0.2518,0.4743,2.6620
8.0655,-2.7215,-0.6070,-0.1322,0.2394,0.2735,-0.0997,-0.8195,-0.4374,0.2539,0.5057,2.6304
8.1653,-2.7342,-0.5839,-0.1253,0.2351,0.2664,-0.1474,-0.8112,-0.4087,0.2669,0.4882,2.5968
8.2664,-2.7527,-0.5597,-0.1534,0.2316,0.2778,-0.1944,-0.8047,-0.4206,0.2589,0.4939,2.5700
8.3655,-2.7677,-0.5338,-0.1476,0.2550,0.2947,-0.2402,-0.7981,-0.4004,0.2435,0.4686,2.5413
8.4655,-2.7837,-0.5109,-0.1504,0.2328,0.2772,-0.2866,-0.7902,-0.3901,0.2547,0.4659,2.5127
8.5666,-2.7976,-0.4848,-0.1265,0.2632,0.2920,-0.3333,-0.7810,-0.3974,0.2583,0.4740,2.4821
8.6662,-2.8093,-0.4580,-0.1223,0.2559,0.2836,-0.3818,-0.7722,-0.4117,0.2566,0.4852,2.4478
8.7661,-2.8151,-0.4301,-0.0664,0.2759,0.2838,-0.4300,-0.7637,-0.4179,0.2532,0.4886,2.4084
8.8660,-2.8281,-0.4032,-0.0788,0.2765,0.2875,-0.4674,-0.7519,-0.3493,0.2448,0.4265,2.3863
8.9661,-2.8410,-0.3784,-0.1169,0.2558,0.2813,-0.5220,-0.7420,-0.4275,0.2604,0.5005,2.3473
9.0657,-2.8492,-0.3478,-0.0770,0.2996,0.3094,-0.5674,-0.7289,-0.4013,0.2674,0.4822,2.3134
9.1667,-2.8525,-0.3200,-0.0370,0.2826,0.2850,-0.6142,-0.7163,-0.3910,0.2736,0.4772,2.2731
9.2671,-2.8652,-0.2915,-0.0941,0.2856,0.3007,-0.6572,-0.7048,-0.3723,0.2604,0.4544,2.2464
9.3674,-2.8712,-0.2640,-0.0797,0.2979,0.3084,-0.6860,-0.6713,-0.3901,0.2636,0.4708,2.2227
9.4669,-2.8783,-0.2382,-0.0722,0.2731,0.2825,-0.7279,-0.6538,-0.3635,0.2804,0.4590,2.1903
9.5670,-2.8795,-0.2076,-0.0280,0.2860,0.2874,-0.7709,-0.6391,-0.3612,0.2765,0.4548,2.1523
9.6675,-2.8803,-0.1777,-0.0146,0.2942,0.2945,-0.8185,-0.6231,-0.3961,0.2825,0.4865,2.1094
9.7679,-2.8817,-0.1505,-0.0031,0.2836,0.2836,-0.8584,-0.6043,-0.3505,0.2975,0.4597,2.0735
9.8675,-2.8884,-0.1184,-0.0427,0.3083,0.3113,-0.8960,-0.5815,-0.3190,0.3100,0.4448,2.0454
9.9683,-2.8903,-0.0885,-0.0283,0.3109,0.3122,-0.9360,-0.5620,-0.3284,0.2930,0.4401,2.0108
10.0677,-2.8871,-0.0612,0.0343,0.2851,0.2872,-0.9813,-0.5400,-0.3660,0.3144,0.4825,1.9650
10.1680,-2.8775,0.0112,0.0179,0.3121,0.3127,-1.0162,-0.5179,-0.3076,0.3015,0.4307,1.9350
10.2682,-2.8781,0.0395,0.0041,0.2920,0.2920,-1.0584,-0.4921,-0.3101,0.3459,0.4646,1.8957
10.3686,-2.8727,0.0696,0.0359,0.2930,0.2952,-1.0906,-0.4660,-0.2743,0.3347,0.4328,1.8609
10.4677,-2.8692,0.1012,0.0377,0.3085,0.3108,-1.1237,-0.4408,-0.2688,0.3247,0.4215,1.8277
10.5679,-2.8665,0.1291,0.0505,0.2870,0.2914,-1.1632,-0.4126,-0.3066,0.3460,0.4623,1.7874
10.6684,-2.8571,0.1579,0.0814,0.2873,0.2986,-1.1966,-0.3865,-0.2825,0.3329,0.4366,1.7474
10.7673,-2.8519,0.1885,0.0734,0.3063,0.3149,-1.2274,-0.3571,-0.2328,0.3488,0.4193,1.7136
10.8675,-2.8453,0.2180,0.0707,0.2986,0.3068,-1.2558,-0.3225,-0.2167,0.3796,0.4371,1.6789
10.9674,-2.8402,0.2456,0.0512,0.2995,0.3039,-1.2860,-0.2947,-0.2496,0.3643,0.4416,1.6454
11.0682,-2.8279,0.2729,0.1204,0.2746,0.2998,-1.3167,-0.2622,-0.2425,0.3736,0.4454,1.6031
11.1675,-2.8220,0.2986,0.0886,0.2600,0.2747,-1.3417,-0.2326,-0.2192,0.3588,0.4204,1.5727
11.2677,-2.8089,0.3267,0.1190,0.2743,0.2990,-1.3654,-0.1975,-0.1533,0.3899,0.4189,1.5358
11.3685,-2.8002,0.3559,0.1115,0.2821,0.3033,-1.3851,-0.1613,-0.1523,0.3854,0.4144,1.5066
11.4714,-2.7908,0.3827,0.1013,0.2730,0.2912,-1.3828,-0.1223,-0.1208,0.3981,0.4160,1.4958
11.5690,-2.7770,0.4075,0.1342,0.2549,0.2880,-1.4029,-0.0870,-0.1226,0.3830,0.4021,1.4604
11.6689,-2.7639,0.4320,0.1336,0.2476,0.2814,-1.4228,-0.0534,-0.1363,0.3697,0.3941,1.4262
11.7698,-2.7478,0.4579,0.1525,0.2509,0.2936,-1.4334,-0.0124,-0.0378,0.3948,0.3966,1.3959
11.8689,-2.7321,0.4826,0.1573,0.2470,0.2928,-1.4423,0.0255,-0.0325,0.3900,0.3913,1.3685
11.9691,-2.7185,0.5083,0.1549,0.2425,0.2878,-1.4500,0.0635,-0.0287,0.3940,0.3951,1.3443
12.0703,-2.7019,0.5300,0.1777,0.2148,0.2788,-1.4610,0.0990,-0.0497,0.3755,0.3787,1.3136
12.1689,-2.6806,0.5535,0.2063,0.2222,0.3032,-1.4700,0.1385,-0.0261,0.3932,0.3940,1.2798
12.2696,-2.6676,0.5754,0.1542,0.2191,0.2679,-1.4693,0.1763,0.0469,0.3789,0.3818,1.2631
12.3691,-2.6450,0.5987,0.2135,0.2203,0.3067,-1.4671,0.2159,0.0781,0.3832,0.3911,1.2386
12.4694,-2.6296,0.6235,0.1713,0.2392,0.2942,-1.4677,0.2552,0.0532,0.3890,0.3926,1.2189
12.5690,-2.6108,0.6442,0.1896,0.2091,0.2823,-1.4652,0.2943,0.0666,0.3955,0.4011,1.1978
12.6691,-2.5880,0.6604,0.2183,0.1735,0.2789,-1.4625,0.3332,0.1006,0.3868,0.3997,1.1721
12.7692,-2.5640,0.6829,0.2381,0.1987,0.3101,-1.4520,0.3729,0.1610,0.3828,0.4153,1.1544
12.8690,-2.5465,0.7039,0.1947,0.2061,0.2835,-1.4368,0.4148,0.1896,0.3937,0.4370,1.1467
12.9703,-2.5211,0.7233,0.2320,0.2020,0.3076,-1.4270,0.4555,0.1716,0.3961,0.4317,1.1264
13.0696,-2.5017,0.7406,0.2148,0.1681,0.2728,-1.4157,0.4937,0.1597,0.3741,0.4068,1.1138
13.1706,-2.4755,0.7580,0.2314,0.1792,0.2926,-1.4020,0.5371,0.1846,0.3940,0.4351,1.0959
13.2706,-2.4458,0.7727,0.2809,0.1528,0.3198,-1.3804,0.5780,0.2479,0.3864,0.4591,1.0831
13.3706,-2.4041,0.8002,0.2493,0.1619,0.2972,-1.3586,0.6189,0.2579,0.3834,0.4620,1.0611
13.4705,-2.3792,0.8164,0.2513,0.1589,0.2974,-1.3385,0.6607,0.2447,0.3935,0.4634,1.0523
13.5705,-2.3528,0.8304,0.2901,0.1127,0.3112,-1.3148,0.7028,0.2727,0.3928,0.4782,1.0458
13.6703,-2.3247,0.8442,0.2849,0.1288,0.3126,-1.2916,0.7414,0.2921,0.3646,0.4672,1.0382
13.7701,-2.2988,0.8567,0.2829,0.1246,0.3091,-1.2620,0.7815,0.3428,0.3612,0.4980,1.0396
13.8706,-2.2706,0.8709,0.2843,0.1337,0.3142,-1.2203,0.8313,0.3484,0.3675,0.5064,1.0510
13.9714,-2.2426,0.8830,0.2732,0.1246,0.3003,-1.1921,0.8691,0.3342,0.3550,0.4876,1.0506
14.0720,-2.2150,0.8928,0.2796,0.0898,0.2937,-1.1590,0.9101,0.3559,0.3764,0.5180,1.0562
14.1708,-2.1821,0.9007,0.3142,0.0652,0.3209,-1.1329,0.9465,0.3383,0.3579,0.4925,1.0502
14.2708,-2.1543,0.9106,0.2868,0.0878,0.3000,-1.0992,0.9823,0.3590,0.3334,0.4899,1.0576
14.3710,-2.1221,0.9200,0.3287,0.0916,0.3412,-1.0652,1.0152,0.3617,0.3153,0.4798,1.0611
14.4718,-2.0955,0.9277,0.2809,0.0772,0.2913,-1.0345,1.0507,0.3397,0.3145,0.4629,1.0681
14.5720,-2.0631,0.9329,0.3171,0.0339,0.3190,-0.9969,1.0874,0.3785,0.3294,0.5018,1.0773
14.6729,-2.0334,0.9386,0.3014,0.0477,0.3052,-0.9625,1.1226,0.3761,0.3171,0.4920,1.0866
14.7719,-2.0006,0.9440,0.3237,0.0493,0.3274,-0.9256,1.1553,0.3857,0.3008,0.4891,1.0956
14.8720,-1.9714,0.9482,0.2987,0.0393,0.3013,-0.8907,1.1814,0.3761,0.2668,0.4611,1.1055
14.9719,-1.9385,0.9509,0.3180,0.0277,0.3192,-0.8538,1.2139,0.3845,0.2882,0.4805,1.1161
15.0726,-1.9074,0.9531,0.3167,-0.0076,0.3168,-0.8198,1.2431,0.3595,0.2767,0.4537,1.1256
15.1718,-1.8748,0.9541,0.3229,0.0011,0.3229,-0.7834,1.2731,0.3760,0.2535,0.4535,1.1371
15.2722,-1.8480,0.9529,0.2698,-0.0181,0.2704,-0.7488,1.2961,0.3823,0.2148,0.4386,1.1514
15.3725,-1.8098,0.9541,0.3407,-0.0033,0.3408,-0.7150,1.3191,0.3630,0.2109,0.4198,1.1541
15.4721,-1.7796,0.9539,0.3170,-0.0190,0.3175,-0.6794,1.3416,0.3530,0.2159,0.4138,1.1665
15.5726,-1.7507,0.9542,0.2968,-0.0305,0.2983,-0.6420,1.3617,0.3736,0.1929,0.4205,1.1813
15.6726,-1.7203,0.9478,0.2923,-0.0533,0.2971,-0.6054,1.3884,0.3826,0.1902,0.4272,1.1989
15.7724,-1.6899,0.9437,0.2994,-0.0479,0.3032,-0.5667,1.4037,0.3905,0.1412,0.4152,1.2137
15.8730,-1.6625,0.9402,0.2669,-0.0391,0.2697,-0.5268,1.4185,0.3880,0.1323,0.4099,1.2323
15.9726,-1.6286,0.9394,0.3135,-0.0222,0.3142,-0.4457,1.4244,0.4083,0.1356,0.4302,1.2785
16.0728,-1.6001,0.9313,0.2899,-0.0752,0.2995,-0.4112,1.4418,0.3727,0.1527,0.4027,1.2939
16.1734,-1.5679,0.9207,0.3101,-0.0976,0.3251,-0.3649,1.4551,0.4366,0.0982,0.4475,1.3164
16.2735,-1.5386,0.9157,0.3207,-0.0754,0.3295,-0.3283,1.4631,0.4130,0.0583,0.4171,1.3284
16.3745,-1.5140,0.9060,0.2716,-0.0923,0.2868,-0.2845,1.4720,0.4331,0.0643,0.4378,1.3536
16.4741,-1.5098,0.8776,0.3152,-0.0942,0.3290,-0.2475,1.4796,0.3863,0.0555,0.3902,1.3985
16.5737,-1.4844,0.8696,0.2664,-0.1059,0.2867,-0.2088,1.4891,0.3897,0.0704,0.3960,1.4181
16.6740,-1.4546,0.8540,0.2734,-0.1405,0.3074,-0.1632,1.4939,0.4291,0.0181,0.4295,1.4413
16.7741,-1.4281,0.8426,0.2660,-0.1256,0.2941,-0.1214,1.4960,0.4232,-0.0030,0.4232,1.4609
16.8737,-1.4042,0.8309,0.2346,-0.1289,0.2677,-0.0787,1.4932,0.4237,-0.0296,0.4247,1.4818
16.9741,-1.3733,0.8207,0.2831,-0.1148,0.3055,-0.0375,1.4938,0.4162,-0.0177,0.4166,1.4958
17.0740,-1.3479,0.8050,0.2463,-0.1620,0.2948,0.0059,1.4953,0.4361,-0.0103,0.4362,1.5196
17.1748,-1.3228,0.7885,0.2473,-0.1667,0.2983,0.0471,1.4941,0.4203,-0.0516,0.4235,1.5410
17.2757,-1.2984,0.7728,0.2449,-0.1684,0.2972,0.0920,1.4891,0.4250,-0.0704,0.4308,1.5641
17.3758,-1.2759,0.7561,0.2300,-0.1696,0.2858,0.1322,1.4783,0.4070,-0.1071,0.4209,1.5825
17.4753,-1.2504,0.7413,0.2303,-0.1688,0.2856,0.1797,1.4729,0.4369,-0.0946,0.4470,1.6064
17.5751,-1.2274,0.7238,0.2161,-0.1905,0.2881,0.2237,1.4648,0.4366,-0.0978,0.4474,1.6293
17.6746,-1.2036,0.7023,0.2281,-0.2079,0.3086,0.2639,1.4588,0.4054,-0.1148,0.4213,1.6510
17.7755,-1.1862,0.6823,0.1875,-0.2050,0.2778,0.3017,1.4437,0.3830,-0.1592,0.4148,1.6714
17.8757,-1.1624,0.6641,0.2242,-0.1954,0.2974,0.3487,1.4251,0.4426,-0.1904,0.4818,1.6919
17.9750,-1.1396,0.6473,0.2241,-0.1788,0.2867,0.3882,1.4108,0.4062,-0.1668,0.4391,1.7080
18.0754,-1.1229,0.6208,0.1796,-0.2463,0.3048,0.4288,1.3943,0.4117,-0.1701,0.4455,1.7339
18.1755,-1.1047,0.6012,0.1788,-0.2141,0.2789,0.4338,1.3585,0.4329,-0.2004,0.4771,1.7147
18.2763,-1.0869,0.5768,0.1764,-0.2335,0.2926,0.4744,1.3356,0.4232,-0.2301,0.4817,1.7359
18.3760,-1.0672,0.5526,0.1871,-0.2425,0.3063,0.5140,1.3082,0.3968,-0.2715,0.4808,1.7524
18.4762,-1.0532,0.5315,0.1603,-0.2263,0.2773,0.5559,1.2869,0.4125,-0.2495,0.4821,1.7776
18.5765,-1.0318,0.5054,0.1816,-0.2637,0.3201,0.5940,1.2637,0.3842,-0.2477,0.4571,1.7939
18.6763,-1.0217,0.4794,0.1374,-0.2684,0.3016,0.6383,1.2396,0.3893,-0.2853,0.4827,1.8258
18.7770,-1.0084,0.4539,0.1305,-0.2609,0.2917,0.6775,1.2104,0.3839,-0.3066,0.4913,1.8478
18.8775,-0.9919,0.4291,0.1657,-0.2471,0.2976,0.7173,1.1791,0.3785,-0.3233,0.4977,1.8666
18.9783,-0.9814,0.4039,0.1192,-0.2521,0.2788,0.7620,1.1482,0.4209,-0.3227,0.5304,1.8956
19.0774,-0.9687,0.3770,0.1070,-0.2722,0.2925,0.8052,1.1188,0.4298,-0.3307,0.5423,1.9228
19.1778,-0.9558,0.3478,0.1198,-0.2887,0.3125,0.8415,1.0884,0.3725,-0.3400,0.5043,1.9439
19.2774,-0.9451,0.3211,0.1284,-0.2769,0.3052,0.8848,1.0530,0.3956,-0.3768,0.5463,1.9709
19.3774,-0.9394,0.2952,0.0740,-0.2639,0.2741,0.9279,1.0175,0.4134,-0.3702,0.5549,2.0021
19.4787,-0.9276,0.2679,0.0799,-0.2707,0.2822,0.9681,0.9811,0.4089,-0.3818,0.5594,2.0254
19.5794,-0.9164,0.2386,0.0866,-0.2931,0.3056,1.0016,0.9469,0.3468,-0.3606,0.5003,2.0446
19.6785,-0.9019,0.1807,0.0735,-0.2864,0.2956,1.0463,0.9110,0.3924,-0.3803,0.5464,2.0806
19.7789,-0.8995,0.1512,0.0343,-0.2932,0.2952,1.0793,0.8718,0.3293,-0.3951,0.5144,2.1059
19.8799,-0.8894,0.1226,0.0733,-0.2946,0.3035,1.1187,0.8326,0.3605,-0.4002,0.5386,2.1299
19.9790,-0.8847,0.0954,0.0515,-0.2786,0.2834,1.1435,0.7870,0.3362,-0.3849,0.5111,2.1429
20.0806,-0.8809,0.0645,0.0210,-0.3088,0.3095,1.1802,0.7467,0.3466,-0.4025,0.5311,2.1710
20.1790,-0.8805,0.0353,0.0055,-0.2965,0.2966,1.2167,0.7114,0.3328,-0.3974,0.5184,2.2035
20.2785,-0.8770,0.0081,0.0201,-0.2823,0.2831,1.2509,0.6715,0.3190,-0.4054,0.5158,2.2289
20.3787,-0.8727,-0.0223,0.0295,-0.2884,0.2900,1.2828,0.6330,0.3141,-0.4108,0.5172,2.2530
20.4791,-0.8746,-0.0545,-0.0026,-0.3086,0.3086,1.3156,0.5962,0.3159,-0.3913,0.5029,2.2848
20.5796,-0.8731,-0.0829,-0.0054,-0.3018,0.3018,1.3457,0.5579,0.2996,-0.3920,0.4934,2.3094
20.6792,-0.8768,-0.1105,-0.0268,-0.2858,0.2871,1.3788,0.5188,0.2820,-0.3989,0.4885,2.3418
20.7791,-0.8759,-0.1419,-0.0089,-0.2978,0.2980,1.4016,0.4800,0.2284,-0.4012,0.4617,2.3610
20.8797,-0.8840,-0.1699,-0.0557,-0.2861,0.2915,1.4297,0.4383,0.2527,-0.4155,0.4863,2.3923
20.9806,-0.8785,-0.1991,0.0052,-0.2859,0.2859,1.4303,0.3930,0.2176,-0.3919,0.4483,2.3835
21.0799,-0.8866,-0.2301,-0.0722,-0.2968,0.3055,1.4576,0.3552,0.2448,-0.3880,0.4588,2.4162
21.1801,-0.8933,-0.2579,-0.0779,-0.2908,0.3011,1.4818,0.3123,0.2120,-0.4199,0.4704,2.4426
21.2812,-0.8953,-0.2872,-0.0448,-0.2919,0.2953,1.4961,0.2763,0.1540,-0.3858,0.4154,2.4569
21.3813,-0.9049,-0.3174,-0.0788,-0.2935,0.3039,1.5169,0.2390,0.1903,-0.3751,0.4206,2.4849
21.4809,-0.9089,-0.3461,-0.0566,-0.2885,0.2940,1.5324,0.1955,0.1616,-0.4147,0.4451,2.5006
21.5810,-0.9195,-0.3752,-0.1051,-0.2898,0.3083,1.5546,0.1588,0.1966,-0.4028,0.4482,2.5311
21.6809,-0.9307,-0.4030,-0.1112,-0.2811,0.3023,1.5690,0.1185,0.1237,-0.4049,0.4234,2.5535
21.7809,-0.9426,-0.4307,-0.1289,-0.2688,0.2981,1.5765,0.0820,0.0735,-0.3850,0.3920,2.5708
21.8802,-0.9503,-0.4593,-0.0975,-0.2788,0.2954,1.5832,0.0440,0.0656,-0.3829,0.3885,2.5830
21.9814,-0.9601,-0.4876,-0.0979,-0.2801,0.2967,1.5942,0.0060,0.0860,-0.3943,0.4036,2.6015
22.0812,-0.9727,-0.5145,-0.1374,-0.2627,0.2965,1.6044,-0.0312,0.0927,-0.3811,0.3922,2.6221
22.1812,-0.9907,-0.5399,-0.1633,-0.2541,0.3020,1.6125,-0.0664,0.0500,-0.3542,0.3577,2.6459
22.2812,-1.0003,-0.5648,-0.1215,-0.2513,0.2791,1.6161,-0.1114,0.0275,-0.4162,0.4171,2.6554
22.3811,-1.0182,-0.5913,-0.1572,-0.2558,0.3003,1.6156,-0.1499,0.0171,-0.4110,0.4113,2.6705
22.4814,-1.0341,-0.6183,-0.1604,-0.2638,0.3088,1.6157,-0.1874,0.0039,-0.3877,0.3877,2.6846
22.5820,-1.0501,-0.6410,-0.1698,-0.2318,0.2873,1.6146,-0.2243,-0.0096,-0.3661,0.3663,2.6970
22.6813,-1.0661,-0.6640,-0.1642,-0.2303,0.2828,1.6167,-0.2685,-0.0328,-0.4161,0.4174,2.7118
22.7815,-1.1147,-0.6972,-0.1711,-0.2269,0.2842,1.6066,-0.3024,-0.0818,-0.3742,0.3831,2.7498
22.8818,-1.1331,-0.7186,-0.1808,-0.2175,0.2829,1.5998,-0.3459,-0.0757,-0.4136,0.4205,2.7582
22.9818,-1.1524,-0.7417,-0.1998,-0.2232,0.2995,1.5893,-0.3841,-0.1064,-0.3996,0.4135,2.7649
23.0821,-1.1703,-0.7640,-0.2028,-0.2077,0.2903,1.5844,-0.4254,-0.0709,-0.4090,0.4151,2.7754
23.1822,-1.1936,-0.7797,-0.2295,-0.1629,0.2815,1.5714,-0.4627,-0.1478,-0.3867,0.4140,2.7832
23.2821,-1.2124,-0.8027,-0.2037,-0.2046,0.2887,1.5488,-0.5314,-0.1470,-0.3862,0.4132,2.7745
23.3827,-1.2334,-0.8221,-0.2094,-0.1942,0.2856,1.5330,-0.5711,-0.1416,-0.3844,0.4096,2.7777
23.4826,-1.2514,-0.8435,-0.1928,-0.2053,0.2816,1.5166,-0.6145,-0.1584,-0.4165,0.4456,2.7775
23.5820,-1.2751,-0.8606,-0.2143,-0.1785,0.2789,1.4980,-0.6520,-0.1751,-0.3926,0.4299,2.7809
23.6830,-1.3036,-0.8733,-0.2620,-0.1429,0.2984,1.4842,-0.6917,-0.1902,-0.3945,0.4379,2.7937
23.7824,-1.3268,-0.8890,-0.2429,-0.1377,0.2792,1.4594,-0.7300,-0.2271,-0.3789,0.4417,2.7908
23.8833,-1.3534,-0.9094,-0.2595,-0.1803,0.3160,1.4328,-0.7701,-0.2547,-0.3928,0.4682,2.7897
23.9832,-1.3740,-0.9249,-0.2420,-0.1668,0.2940,1.4114,-0.8100,-0.2216,-0.3956,0.4534,2.7878
24.0835,-1.4017,-0.9356,-0.2761,-0.1072,0.2962,1.3809,-0.8479,-0.2796,-0.3835,0.4746,2.7840
24.1836,-1.4264,-0.9484,-0.2693,-0.1189,0.2944,1.3603,-0.8871,-0.2723,-0.3840,0.4708,2.7874
24.2831,-1.4582,-0.9599,-0.3040,-0.1125,0.3242,1.3242,-0.9248,-0.3407,-0.3752,0.5068,2.7826
24.3834,-1.4827,-0.9728,-0.2735,-0.1155,0.2969,1.2829,-0.9607,-0.3307,-0.3664,0.4935,2.7655
24.4834,-1.5088,-0.9858,-0.2668,-0.1222,0.2934,1.2532,-0.9968,-0.3083,-0.3608,0.4746,2.7620
24.5840,-1.5365,-0.9958,-0.2753,-0.0962,0.2917,1.2182,-1.0346,-0.3454,-0.3835,0.5161,2.7549
24.6842,-1.5660,-1.0006,-0.2901,-0.0597,0.2962,1.1905,-1.0715,-0.3231,-0.3559,0.4807,2.7574
24.7843,-1.5956,-1.0126,-0.2987,-0.0875,0.3112,1.1520,-1.1020,-0.3593,-0.3158,0.4784,2.7490
24.8835,-1.6249,-1.0192,-0.2957,-0.0685,0.3035,1.1132,-1.1361,-0.3796,-0.3322,0.5044,2.7406
24.9838,-1.6508,-1.0283,-0.2878,-0.0714,0.2965,1.0759,-1.1682,-0.3875,-0.3270,0.5071,2.7303
25.0844,-1.6812,-1.0317,-0.3029,-0.0257,0.3040,1.0439,-1.2012,-0.3412,-0.3275,0.4730,2.7303
25.1843,-1.7115,-1.0363,-0.3001,-0.0301,0.3016,1.0082,-1.2269,-0.3762,-0.2786,0.4681,2.7263
25.2845,-1.7402,-1.0394,-0.2909,-0.0274,0.2921,0.9649,-1.2563,-0.3969,-0.2518,0.4700,2.7137
25.3850,-1.7687,-1.0449,-0.2670,-0.0449,0.2707,0.9320,-1.2827,-0.3728,-0.2710,0.4608,2.7112
25.4844,-1.8087,-1.0497,-0.3619,-0.0420,0.3643,0.8893,-1.3115,-0.3986,-0.2676,0.4802,2.7107
25.5847,-1.8348,-1.0493,-0.3196,-0.0020,0.3196,0.8582,-1.3385,-0.3608,-0.2777,0.4553,2.7085
25.6849,-1.8665,-1.0493,-0.3170,0.0031,0.3170,0.8178,-1.3673,-0.3651,-0.2509,0.4430,2.7031
25.7856,-1.8940,-1.0468,-0.3032,0.0188,0.3038,0.7757,-1.3885,-0.4095,-0.2297,0.4695,2.6914
25.8853,-1.9299,-1.0477,-0.3242,0.0120,0.3244,0.7342,-1.4098,-0.3988,-0.2150,0.4531,2.6886
25.9865,-1.9602,-1.0507,-0.3009,-0.0109,0.3011,0.6923,-1.4295,-0.4209,-0.2084,0.4696,2.6794
26.0855,-1.9930,-1.0472,-0.3003,0.0324,0.3021,0.6551,-1.4521,-0.3881,-0.2089,0.4407,2.6788
26.1850,-2.0246,-1.0420,-0.3175,0.0458,0.3208,0.6159,-1.4703,-0.3980,-0.1620,0.4297,2.6750
26.2853,-2.0576,-1.0371,-0.3172,0.0512,0.3213,0.5748,-1.4850,-0.3967,-0.1264,0.4163,2.6702
26.3863,-2.0831,-1.0365,-0.2860,0.0273,0.2873,0.5238,-1.5012,-0.4092,-0.1487,0.4354,2.6480
26.4864,-2.1179,-1.0306,-0.3131,0.0520,0.3174,0.4814,-1.5157,-0.4268,-0.1518,0.4530,2.6442
26.5867,-2.1453,-1.0253,-0.2876,0.0773,0.2978,0.4402,-1.5283,-0.4217,-0.1360,0.4431,2.6340
26.6862,-2.1761,-1.0157,-0.2812,0.0837,0.2934,0.4045,-1.5417,-0.3641,-0.1093,0.3801,2.6337
26.7878,-2.2080,-1.0041,-0.3047,0.1068,0.3228,0.3596,-1.5503,-0.4151,-0.0893,0.4246,2.6251
26.8871,-2.2356,-0.9979,-0.2776,0.0969,0.2940,0.3157,-1.5539,-0.4389,-0.0623,0.4433,2.6112
26.9878,-2.2667,-0.9906,-0.2916,0.0975,0.3075,0.2799,-1.5623,-0.3913,-0.0754,0.3985,2.6100
27.0876,-2.2948,-0.9793,-0.2719,0.1085,0.2927,0.2369,-1.5667,-0.4113,-0.0631,0.4161,2.5989
27.1875,-2.3236,-0.9633,-0.2801,0.1420,0.3140,0.1922,-1.5746,-0.4329,-0.0424,0.4350,2.5890
27.2877,-2.3472,-0.9508,-0.2497,0.1359,0.2843,0.1567,-1.5710,-0.3854,0.0144,0.3856,2.5796
27.3877,-2.3801,-0.9402,-0.2964,0.1207,0.3200,0.1111,-1.5695,-0.4283,0.0136,0.4286,2.5695
27.4878,-2.4067,-0.9269,-0.2854,0.1457,0.3205,0.0695,-1.5687,-0.4320,0.0253,0.4328,2.5581
27.5881,-2.4316,-0.9122,-0.2553,0.1592,0.3008,0.0315,-1.5706,-0.4000,-0.0016,0.4000,2.5495
27.6880,-2.4540,-0.8941,-0.2463,0.1710,0.2998,-0.0135,-1.5702,-0.4460,0.0300,0.4470,2.5324
27.7884,-2.4782,-0.8774,-0.2412,0.1717,0.2961,-0.0514,-1.5617,-0.4048,0.0710,0.4110,2.5214
27.8895,-2.5070,-0.8606,-0.2857,0.1784,0.3368,-0.0918,-1.5518,-0.3967,0.0760,0.4039,2.5122
27.9884,-2.5345,-0.8452,-0.2680,0.1781,0.3218,-0.1348,-1.5460,-0.4177,0.0645,0.4227,2.5000
28.0888,-2.5508,-0.8241,-0.1999,0.2106,0.2904,-0.1789,-1.5371,-0.4397,0.0727,0.4456,2.4768
28.1883,-2.5772,-0.8069,-0.2380,0.1887,0.3038,-0.2140,-1.5247,-0.3844,0.1390,0.4087,2.4699
28.2889,-2.5967,-0.7859,-0.2146,0.2023,0.2949,-0.2541,-1.5105,-0.3741,0.1541,0.4046,2.4521
28.3884,-2.6207,-0.7672,-0.2282,0.1944,0.2998,-0.3011,-1.4939,-0.4353,0.1611,0.4642,2.4308
28.4879,-2.6434,-0.7488,-0.2216,0.2018,0.2998,-0.3393,-1.4771,-0.4062,0.1631,0.4377,2.4165
28.5881,-2.6575,-0.7235,-0.1603,0.2426,0.2908,-0.3534,-1.4627,-0.3980,0.1514,0.4259,2.4198
28.6886,-2.6752,-0.7040,-0.1533,0.2257,0.2728,-0.3957,-1.4461,-0.4108,0.1785,0.4479,2.3973
28.7893,-2.6925,-0.6804,-0.1639,0.2336,0.2854,-0.4411,-1.4237,-0.4388,0.2157,0.4889,2.3709
28.8896,-2.7105,-0.6592,-0.1543,0.2219,0.2703,-0.4748,-1.3979,-0.3858,0.2353,0.4519,2.3546
28.9897,-2.7347,-0.6336,-0.1943,0.2560,0.3213,-0.5163,-1.3773,-0.4050,0.2165,0.4592,2.3398
29.0895,-2.7290,-0.5705,-0.1618,0.2491,0.2970,-0.5562,-1.3531,-0.4135,0.2297,0.4730,2.3095
29.1904,-2.7379,-0.5453,-0.1130,0.2512,0.2755,-0.5935,-1.3286,-0.3854,0.2790,0.4757,2.2830
29.2893,-2.7567,-0.5200,-0.1394,0.2694,0.3034,-0.6318,-1.2958,-0.3769,0.3069,0.4860,2.2620
29.3900,-2.7737,-0.4986,-0.1565,0.2342,0.2817,-0.6721,-1.2652,-0.3944,0.3053,0.4987,2.2370
29.4897,-2.7841,-0.4715,-0.1079,0.2549,0.2768,-0.7067,-1.2345,-0.3768,0.3079,0.4866,2.2131
29.5900,-2.7951,-0.4442,-0.0996,0.2707,0.2885,-0.7463,-1.2040,-0.3894,0.3065,0.4955,2.1851
29.6894,-2.8053,-0.4168,-0.0877,0.2710,0.2848,-0.7844,-1.1724,-0.3796,0.3354,0.5065,2.1575
29.7897,-2.8189,-0.3897,-0.1168,0.2729,0.2969,-0.8156,-1.1371,-0.3342,0.3472,0.4819,2.1382
29.8896,-2.8262,-0.3657,-0.0907,0.2602,0.2755,-0.8536,-1.0972,-0.3486,0.3755,0.5124,2.1039
29.9903,-2.8415,-0.3339,-0.1146,0.3047,0.3255,-0.8878,-1.0637,-0.3441,0.3486,0.4898,2.0856
30.0902,-2.8461,-0.3077,-0.0804,0.2889,0.2999,-0.9230,-1.0250,-0.3534,0.3713,0.5126,2.0526
30.1912,-2.8491,-0.2801,-0.0452,0.2805,0.2841,-0.9555,-0.9876,-0.3137,0.3846,0.4963,2.0214
30.2908,-2.8579,-0.2524,-0.0655,0.2779,0.2855,-0.9865,-0.9474,-0.2941,0.4003,0.4967,1.9963
30.3910,-2.8595,-0.2233,-0.0307,0.2875,0.2892,-1.0131,-0.9091,-0.2756,0.3872,0.4753,1.9697
30.4928,-2.8666,-0.1946,-0.0045,0.2874,0.2874,-1.0594,-0.8777,-0.2954,0.3811,0.4821,1.9320
30.5906,-2.8683,-0.1678,-0.0032,0.2753,0.2753,-1.0949,-0.8306,-0.2962,0.3970,0.4954,1.8932
30.6909,-2.8722,-0.1349,-0.0172,0.2987,0.2991,-1.1222,-0.8001,-0.2804,0.3784,0.4710,1.8722
30.7917,-2.8761,-0.1074,-0.0300,0.2830,0.2846,-1.1475,-0.7574,-0.2436,0.3708,0.4436,1.8469
30.8913,-2.8765,-0.0776,-0.0069,0.2832,0.2833,-1.1684,-0.7192,-0.2425,0.4058,0.4728,1.8246
30.9916,-2.8777,-0.0458,0.0082,0.3077,0.3078,-1.1926,-0.6762,-0.2197,0.3881,0.4460,1.7992
31.0915,-2.8762,-0.0173,0.0231,0.2958,0.2968,-1.2154,-0.6407,-0.2412,0.3953,0.4631,1.7740
31.1912,-2.8735,0.0105,0.0281,0.2840,0.2854,-1.2394,-0.5966,-0.1731,0.3929,0.4293,1.7432
31.2913,-2.8694,0.0388,0.0391,0.3043,0.3068,-1.2604,-0.5595,-0.2067,0.4050,0.4547,1.7167
31.3916,-2.8683,0.0700,0.0272,0.2849,0.2862,-1.2776,-0.5128,-0.2017,0.4162,0.4625,1.6942
31.4913,-2.8667,0.0996,0.0400,0.3080,0.3106,-1.2906,-0.4797,-0.1729,0.3894,0.4260,1.6792
31.5927,-2.8598,0.1314,0.0597,0.3068,0.3126,-1.3041,-0.4350,-0.1511,0.3986,0.4263,1.6556
31.6924,-2.8520,0.1536,0.0744,0.2743,0.2842,-1.3204,-0.4004,-0.1337,0.3883,0.4107,1.6287
31.7924,-2.8442,0.1884,0.0712,0.3015,0.3098,-1.3298,-0.3553,-0.1144,0.4000,0.4160,1.6090
31.8917,-2.8425,0.2095,0.0443,0.2633,0.2670,-1.3353,-0.3207,-0.0880,0.3885,0.3983,1.5977
31.9925,-2.8316,0.2467,0.0885,0.2965,0.3095,-1.3482,-0.2795,-0.1119,0.3695,0.3861,1.5740
32.0922,-2.8214,0.2708,0.1090,0.2729,0.2938,-1.3566,-0.2404,-0.1025,0.3969,0.4099,1.5515
32.1933,-2.8095,0.2982,0.1110,0.2572,0.2801,-1.3621,-0.1988,-0.0506,0.3906,0.3939,1.5304
32.2935,-2.7894,0.3444,0.1112,0.2697,0.2917,-1.3664,-0.1624,-0.0481,0.3882,0.3912,1.5106
32.3934,-2.7792,0.3743,0.0913,0.2742,0.2890,-1.3661,-0.1237,-0.0322,0.3753,0.3767,1.4983
32.4930,-2.7685,0.3989,0.1204,0.2592,0.2858,-1.3650,-0.0884,-0.0093,0.3726,0.3727,1.4856
32.5944,-2.7534,0.4290,0.1405,0.2721,0.3062,-1.3683,-0.0466,-0.0287,0.3872,0.3882,1.4644
32.6952,-2.7399,0.4490,0.1419,0.2360,0.2754,-1.3889,-0.0003,0.0148,0.3878,0.3881,1.4238
32.7940,-2.7243,0.4764,0.1538,0.2451,0.2893,-1.3803,0.0398,0.0730,0.3901,0.3969,1.4132
32.8937,-2.7100,0.5012,0.1529,0.2525,0.2952,-1.3762,0.0751,0.0519,0.3782,0.3817,1.4003
32.9936,-2.6958,0.5274,0.1645,0.2414,0.2921,-1.3684,0.1159,0.0572,0.3851,0.3893,1.3897
33.0943,-2.6732,0.5499,0.2132,0.2290,0.3128,-1.3639,0.1532,0.0475,0.3832,0.3861,1.3681
33.1941,-2.6582,0.5718,0.1795,0.2248,0.2876,-1.3556,0.1922,0.0780,0.3779,0.3859,1.3567
33.2949,-2.6381,0.5940,0.1956,0.2244,0.2976,-1.3393,0.2290,0.1334,0.3776,0.4005,1.3490
33.3946,-2.6202,0.6193,0.1891,0.2437,0.3085,-1.3260,0.2711,0.1045,0.4002,0.4136,1.3402
33.4945,-2.6058,0.6369,0.1768,0.1913,0.2605,-1.3119,0.3097,0.1226,0.3936,0.4122,1.3346
33.5943,-2.5795,0.6578,0.2261,0.1788,0.2883,-1.2995,0.3483,0.1123,0.3949,0.4105,1.3169
33.6949,-2.5545,0.6777,0.2418,0.1900,0.3075,-1.2801,0.3866,0.1957,0.3907,0.4369,1.3072
33.7956,-2.5377,0.6986,0.2142,0.1923,0.2878,-1.2612,0.4267,0.1913,0.3950,0.4389,1.3051
33.8957,-2.5145,0.7181,0.2267,0.1926,0.2974,-1.2379,0.4685,0.2106,0.4097,0.4607,1.3008
33.9952,-2.4937,0.7374,0.2268,0.1710,0.2840,-1.2284,0.5171,0.1791,0.4003,0.4385,1.2843
34.0958,-2.4668,0.7553,0.2602,0.1665,0.3089,-1.2033,0.5563,0.2184,0.3971,0.4532,1.2791
35.1444,-2.4519,0.7683,0.2410,0.1780,0.2996,-1.1877,0.5830,0.2182,0.3952,0.4514,1.2776
35.1538,-2.4278,0.7862,0.2406,0.1785,0.2996,-1.1660,0.6225,0.2175,0.3946,0.4506,1.2724
35.1794,-2.4038,0.8040,0.2400,0.1780,0.2988,-1.1427,0.6618,0.2541,0.3917,0.4669,1.2690
35.2491,-2.3693,0.8211,0.2508,0.1590,0.2970,-1.1093,0.7153,0.2773,0.4143,0.4985,1.2644
35.3384,-2.3415,0.8372,0.2711,0.1528,0.3112,-1.0878,0.7520,0.2461,0.3853,0.4572,1.2566
35.4346,-2.3177,0.8548,0.2523,0.1647,0.3013,-1.0663,0.7883,0.2217,0.3739,0.4347,1.2532
35.5331,-2.2937,0.8708,0.2777,0.0921,0.2926,-1.0388,0.8271,0.2171,0.3729,0.4315,1.2556
35.6322,-2.2626,0.8679,0.2988,0.0146,0.2992,-1.0158,0.8669,0.2203,0.3923,0.4499,1.2467
35.7335,-2.2272,0.8730,0.3273,0.0234,0.3282,-0.9803,0.9030,0.3146,0.3692,0.4851,1.2473
35.8333,-2.1965,0.8785,0.3149,0.0407,0.3175,-0.9487,0.9371,0.3090,0.3565,0.4718,1.2493
35.9329,-2.1676,0.8824,0.2851,0.0283,0.2865,-0.9139,0.9704,0.3010,0.3451,0.4579,1.2567
36.0333,-2.1329,0.8846,0.3261,-0.0060,0.3262,-0.8824,1.0072,0.3061,0.3636,0.4753,1.2565
36.1335,-2.1045,0.8836,0.3179,-0.0194,0.3185,-0.8486,1.0397,0.3300,0.3613,0.4893,1.2656
36.2344,-2.0739,0.8849,0.3104,-0.0018,0.3104,-0.8106,1.0748,0.3754,0.3336,0.5022,1.2775
36.3338,-2.0299,0.8845,0.3214,-0.0122,0.3216,-0.7762,1.1034,0.3484,0.3233,0.4752,1.2727
36.4338,-1.9988,0.8846,0.3156,-0.0079,0.3157,-0.7398,1.1336,0.3547,0.3134,0.4734,1.2834
36.5331,-1.9653,0.8850,0.3253,-0.0353,0.3272,-0.7020,1.1635,0.3514,0.3133,0.4708,1.2936
36.6349,-1.9348,0.8806,0.3128,-0.0425,0.3156,-0.6658,1.1933,0.3544,0.3083,0.4697,1.3069
36.7338,-1.9071,0.8767,0.2813,-0.0418,0.2844,-0.6141,1.2407,0.3972,0.2658,0.4779,1.3432
36.8339,-1.8754,0.8694,0.3033,-0.0643,0.3100,-0.5795,1.2602,0.3601,0.2257,0.4250,1.3536
36.9336,-1.8445,0.8684,0.3199,-0.0428,0.3228,-0.5361,1.2787,0.3991,0.2081,0.4501,1.3712
37.0342,-1.8112,0.8638,0.3210,-0.0743,0.3295,-0.5009,1.3034,0.3654,0.2375,0.4358,1.3821
37.1346,-1.7833,0.8565,0.3068,-0.0842,0.3182,-0.4593,1.3241,0.3913,0.2297,0.4537,1.4041
37.2347,-1.7572,0.8473,0.2764,-0.0900,0.2907,-0.4245,1.3423,0.3626,0.1584,0.3957,1.4216
37.3358,-1.7263,0.8387,0.2896,-0.0968,0.3054,-0.3814,1.3530,0.3834,0.1393,0.4079,1.4399
37.4352,-1.6980,0.8315,0.2850,-0.0828,0.2968,-0.3427,1.3676,0.3837,0.1482,0.4113,1.4575
37.5351,-1.6677,0.8226,0.2921,-0.1156,0.3141,-0.3030,1.3801,0.3815,0.1445,0.4079,1.4741
37.6349,-1.6380,0.8105,0.2945,-0.1206,0.3182,-0.2640,1.3929,0.3857,0.1378,0.4096,1.4923
37.7358,-1.6160,0.7973,0.2447,-0.1373,0.2806,-0.2211,1.4009,0.4228,0.0785,0.4301,1.5199
37.8354,-1.5873,0.7863,0.2725,-0.1216,0.2984,-0.1817,1.4038,0.4031,0.0514,0.4064,1.5353
37.9346,-1.5605,0.7719,0.2817,-0.1291,0.3098,-0.1389,1.4065,0.4044,0.0511,0.4076,1.5568
38.0351,-1.5372,0.7588,0.2340,-0.1560,0.2812,-0.0978,1.4107,0.4085,0.0493,0.4115,1.5801
38.1354,-1.5125,0.7432,0.2257,-0.1635,0.2787,-0.0565,1.4134,0.3982,0.0512,0.4015,1.6028
38.2359,-1.4865,0.7267,0.2474,-0.1665,0.2982,-0.0132,1.4114,0.4212,-0.0327,0.4225,1.6246
38.3364,-1.4626,0.7115,0.2366,-0.1645,0.2882,0.0201,1.4058,0.4018,-0.0399,0.4038,1.6372
38.4367,-1.4393,0.6938,0.2317,-0.1750,0.2904,0.0705,1.4007,0.4262,-0.0272,0.4271,1.6671
38.5372,-1.4139,0.6782,0.2299,-0.1865,0.2960,0.1072,1.3958,0.4222,-0.0369,0.4238,1.6819
38.6360,-1.3965,0.6576,0.1896,-0.2015,0.2767,0.1592,1.3892,0.4505,-0.0461,0.4528,1.7192
38.7361,-1.3738,0.6358,0.2235,-0.2050,0.3032,0.1963,1.3831,0.4335,-0.1008,0.4451,1.7389
38.8363,-1.3530,0.6168,0.2102,-0.1975,0.2884,0.2406,1.3628,0.4373,-0.1395,0.4591,1.7595
38.9378,-1.3367,0.5999,0.1936,-0.1949,0.2747,0.2536,1.3726,0.4009,-0.1207,0.4187,1.7680
39.0375,-1.3140,0.5753,0.1680,-0.2269,0.2823,0.3003,1.3577,0.4122,-0.1142,0.4278,1.7939
39.1379,-1.2971,0.5553,0.1786,-0.2241,0.2866,0.3356,1.3399,0.4004,-0.1540,0.4290,1.8114
39.2373,-1.2808,0.5304,0.1615,-0.2222,0.2747,0.3803,1.3235,0.3962,-0.1887,0.4388,1.8407
39.3367,-1.2623,0.5113,0.1825,-0.2168,0.2834,0.4225,1.3000,0.4328,-0.2159,0.4837,1.8602
39.4377,-1.2564,0.4437,0.1519,-0.2393,0.2834,0.4580,1.2736,0.3759,-0.2243,0.4378,1.9047
39.5371,-1.2419,0.4224,0.1324,-0.2498,0.2827,0.5010,1.2531,0.4287,-0.2182,0.4810,1.9307
39.6376,-1.2248,0.3927,0.1475,-0.2653,0.3036,0.5416,1.2279,0.4044,-0.2187,0.4598,1.9538
39.7374,-1.2169,0.3679,0.1106,-0.2660,0.2881,0.5818,1.2017,0.4199,-0.2907,0.5107,1.9826
39.8373,-1.2027,0.3410,0.1124,-0.2614,0.2845,0.6181,1.1665,0.3897,-0.3081,0.4968,1.9992
39.9373,-1.1860,0.3179,0.1473,-0.2532,0.2930,0.6541,1.1388,0.3872,-0.2938,0.4861,2.0149
40.0372,-1.1742,0.2902,0.1114,-0.2637,0.2862,0.6959,1.1041,0.4030,-0.3186,0.5137,2.0396
40.1372,-1.1680,0.2635,0.0838,-0.2738,0.2863,0.7361,1.0782,0.4148,-0.2866,0.5041,2.0710
40.2380,-1.1537,0.2345,0.1068,-0.2718,0.2920,0.7743,1.0413,0.3948,-0.3448,0.5242,2.0900
40.3386,-1.1469,0.2070,0.0841,-0.2809,0.2933,0.8072,1.0032,0.3675,-0.3661,0.5187,2.1101
40.4389,-1.1360,0.1803,0.0886,-0.2687,0.2829,0.8462,0.9631,0.3731,-0.3784,0.5314,2.1312
40.5387,-1.1264,0.1515,0.0691,-0.2924,0.3004,0.8830,0.9289,0.3797,-0.3595,0.5228,2.1546
40.6381,-1.1247,0.1198,0.0298,-0.3090,0.3104,0.9177,0.8928,0.3650,-0.3446,0.5020,2.1838
40.7384,-1.1186,0.0945,0.0461,-0.2797,0.2835,0.9513,0.8511,0.3297,-0.4006,0.5188,2.2039
40.8393,-1.1129,0.0646,0.0424,-0.2862,0.2893,0.9781,0.8140,0.2865,-0.3716,0.4692,2.2212
40.9397,-1.1029,0.0363,0.0757,-0.2882,0.2979,1.0389,0.8019,0.3628,-0.3968,0.5377,2.2745
41.0391,-1.1058,0.0051,-0.0208,-0.3044,0.3051,1.0652,0.7630,0.3107,-0.3810,0.4916,2.2994
41.1387,-1.0964,-0.0238,0.0463,-0.2957,0.2993,1.0996,0.7230,0.3361,-0.3894,0.5144,2.3195
41.2387,-1.0991,-0.0539,0.0185,-0.2997,0.3003,1.1292,0.6837,0.2973,-0.3921,0.4921,2.3472
41.3388,-1.0976,-0.0816,0.0138,-0.2853,0.2856,1.1478,0.6465,0.2370,-0.3767,0.4451,2.3604
41.4405,-1.0954,-0.1116,0.0105,-0.2915,0.2917,1.1766,0.6034,0.2715,-0.4126,0.4939,2.3818
41.5399,-1.0954,-0.1403,-0.0226,-0.2896,0.2905,1.2008,0.5647,0.2592,-0.3931,0.4709,2.4020
41.6396,-1.0975,-0.1697,-0.0192,-0.2917,0.2923,1.2277,0.5225,0.2525,-0.4115,0.4828,2.4261
41.7404,-1.1006,-0.2017,-0.0293,-0.3084,0.3098,1.2558,0.4814,0.2372,-0.4088,0.4726,2.4534
41.8401,-1.1017,-0.2299,-0.0276,-0.2999,0.3011,1.2678,0.4440,0.1936,-0.3823,0.4285,2.4635
41.9402,-1.1034,-0.2593,-0.0246,-0.2963,0.2973,1.2836,0.4034,0.1770,-0.3941,0.4320,2.4772
42.0404,-1.1093,-0.2886,-0.0612,-0.2842,0.2907,1.3014,0.3656,0.1763,-0.3706,0.4105,2.4979
42.1401,-1.1124,-0.3195,-0.0442,-0.2997,0.3029,1.3249,0.3239,0.2187,-0.3961,0.4524,2.5207
42.2403,-1.1216,-0.3498,-0.0669,-0.3067,0.3140,1.3362,0.2829,0.1583,-0.4080,0.4376,2.5378
42.3403,-1.1279,-0.3780,-0.0682,-0.2915,0.2994,1.3432,0.2451,0.1116,-0.3880,0.4037,2.5485
42.4397,-1.1386,-0.4074,-0.1090,-0.2924,0.3120,1.3560,0.2035,0.1422,-0.4142,0.4379,2.5683
42.5404,-1.1413,-0.4328,-0.0828,-0.2608,0.2737,1.3614,0.1702,0.0921,-0.3617,0.3732,2.5743
42.6400,-1.1612,-0.4721,-0.1038,-0.2845,0.3028,1.3768,0.1303,0.1540,-0.3803,0.4103,2.6085
42.7400,-1.1745,-0.4989,-0.1243,-0.2732,0.3002,1.3763,0.0913,0.0202,-0.3863,0.3868,2.6182
42.8408,-1.1840,-0.5273,-0.1271,-0.2886,0.3154,1.3825,0.0552,0.0654,-0.3701,0.3758,2.6318
42.9419,-1.1914,-0.5516,-0.0938,-0.2602,0.2766,1.3835,0.0169,0.0362,-0.3776,0.3793,2.6369
43.0411,-1.2055,-0.5801,-0.1332,-0.2616,0.2936,1.4061,-0.0345,0.0342,-0.4030,0.4044,2.6680
43.1414,-1.2247,-0.6050,-0.1723,-0.2528,0.3059,1.4083,-0.0739,0.0322,-0.3972,0.3985,2.6860
43.2416,-1.2371,-0.6313,-0.1479,-0.2632,0.3019,1.4055,-0.1096,-0.0210,-0.3705,0.3711,2.6936
43.3412,-1.2525,-0.6541,-0.1535,-0.2402,0.2851,1.3980,-0.1501,-0.0480,-0.3935,0.3964,2.6980
43.4412,-1.2662,-0.6811,-0.1489,-0.2512,0.2920,1.3901,-0.1870,-0.0442,-0.3841,0.3867,2.7019
43.5415,-1.2835,-0.7055,-0.1845,-0.2319,0.2963,1.3825,-0.2258,-0.0590,-0.3879,0.3924,2.7088
43.6419,-1.3026,-0.7277,-0.1994,-0.2298,0.3042,1.3752,-0.2667,-0.0559,-0.4063,0.4102,2.7172
43.7411,-1.3187,-0.7505,-0.1762,-0.2277,0.2879,1.3688,-0.3053,-0.0937,-0.3942,0.4051,2.7241
43.8412,-1.3370,-0.7739,-0.1859,-0.2348,0.2995,1.3506,-0.3427,-0.1112,-0.3816,0.3975,2.7220
43.9406,-1.3555,-0.7961,-0.1857,-0.2260,0.2925,1.3381,-0.3826,-0.1138,-0.3955,0.4115,2.7251
44.0411,-1.3715,-0.8159,-0.1800,-0.1853,0.2583,1.3231,-0.4109,-0.1405,-0.3735,0.3990,2.7250
44.1410,-1.3979,-0.8363,-0.2354,-0.1963,0.3065,1.3060,-0.4633,-0.1327,-0.4209,0.4413,2.7295
44.2408,-1.4199,-0.8549,-0.2222,-0.1864,0.2900,1.2956,-0.4916,-0.1634,-0.3832,0.4166,2.7397
44.3410,-1.4428,-0.8745,-0.2276,-0.1904,0.2968,1.2673,-0.5401,-0.1892,-0.4127,0.4540,2.7307
44.4412,-1.4617,-0.8960,-0.2002,-0.1960,0.2801,1.2509,-0.5668,-0.1846,-0.3705,0.4139,2.7326
44.5409,-1.4861,-0.9131,-0.2436,-0.1604,0.2917,1.2260,-0.6126,-0.1928,-0.3878,0.4330,2.7287
44.6414,-1.5107,-0.9271,-0.2382,-0.1500,0.2815,1.2082,-0.6494,-0.1925,-0.4140,0.4565,2.7330
44.7419,-1.5346,-0.9447,-0.2399,-0.1652,0.2913,1.1784,-0.6928,-0.2566,-0.4113,0.4848,2.7247
44.8413,-1.5551,-0.9576,-0.2419,-0.1567,0.2882,1.1532,-0.7244,-0.2626,-0.3979,0.4767,2.7183
44.9410,-1.5800,-0.9769,-0.2222,-0.1609,0.2743,1.1233,-0.7655,-0.2455,-0.3851,0.4567,2.7115
45.0419,-1.6033,-0.9894,-0.2615,-0.1290,0.2916,1.0984,-0.7988,-0.2590,-0.3880,0.4665,2.7084
45.1422,-1.6351,-0.9998,-0.2783,-0.1058,0.2977,1.0662,-0.8421,-0.2600,-0.3898,0.4686,2.7060
45.2422,-1.6569,-1.0135,-0.2646,-0.1303,0.2950,1.0582,-0.9021,-0.3149,-0.3584,0.4771,2.7174
45.3424,-1.6838,-1.0269,-0.2418,-0.1259,0.2727,1.0175,-0.9427,-0.3303,-0.3651,0.4923,2.7026
45.4421,-1.7098,-1.0359,-0.2703,-0.1120,0.2926,0.9909,-0.9777,-0.3082,-0.3881,0.4956,2.7013
45.5436,-1.7425,-1.0477,-0.3064,-0.0710,0.3145,0.9512,-1.0141,-0.3260,-0.3731,0.4954,2.6939
45.6445,-1.7666,-1.0523,-0.2868,-0.0610,0.2932,0.9175,-1.0437,-0.3469,-0.3565,0.4975,2.6841
45.7427,-1.7985,-1.0616,-0.2873,-0.0650,0.2945,0.8758,-1.0837,-0.3888,-0.3536,0.5255,2.6744
45.8431,-1.8542,-1.0789,-0.2863,-0.0720,0.2952,0.8431,-1.1124,-0.3635,-0.3412,0.4986,2.6974
45.9432,-1.8829,-1.0869,-0.2620,-0.0680,0.2706,0.8002,-1.1468,-0.3527,-0.3375,0.4881,2.6837
46.0423,-1.9100,-1.0921,-0.2871,-0.0360,0.2894,0.7639,-1.1789,-0.3719,-0.3525,0.5124,2.6753
46.1433,-1.9475,-1.0967,-0.3157,-0.0310,0.3172,0.7179,-1.2116,-0.3990,-0.3407,0.5246,2.6678
46.2431,-1.9759,-1.0985,-0.3119,-0.0232,0.3127,0.7088,-1.2586,-0.3537,-0.2902,0.4575,2.6894
46.3435,-2.0061,-1.1043,-0.2982,-0.0256,0.2993,0.6634,-1.2862,-0.3780,-0.2886,0.4756,2.6756
46.4435,-2.0327,-1.1078,-0.2921,-0.0296,0.2936,0.6220,-1.3127,-0.4071,-0.2933,0.5018,2.6626
46.5448,-2.0674,-1.1084,-0.3164,0.0081,0.3165,0.5819,-1.3412,-0.3738,-0.2943,0.4758,2.6596
46.6441,-2.0923,-1.1077,-0.2882,0.0081,0.2883,0.5413,-1.3660,-0.3985,-0.2843,0.4895,2.6462
46.7439,-2.1286,-1.1060,-0.3140,0.0154,0.3144,0.5006,-1.3917,-0.3976,-0.2532,0.4713,2.6446
46.8440,-2.1550,-1.1076,-0.2931,-0.0021,0.2931,0.4608,-1.4168,-0.3974,-0.2488,0.4688,2.6340
46.9440,-2.1913,-1.1048,-0.3303,0.0226,0.3310,0.4334,-1.4240,-0.4010,-0.2305,0.4625,2.6440
47.0448,-2.2202,-1.1060,-0.3110,0.0296,0.3124,0.3803,-1.4506,-0.3936,-0.2239,0.4529,2.6232
47.1440,-2.2478,-1.0990,-0.2698,0.0466,0.2738,0.3347,-1.4699,-0.4261,-0.2193,0.4793,2.6090
47.2445,-2.2770,-1.0947,-0.2869,0.0480,0.2909,0.3017,-1.4858,-0.3734,-0.1554,0.4045,2.6081
47.3445,-2.3110,-1.0916,-0.3005,0.0476,0.3042,0.2557,-1.4980,-0.3994,-0.1424,0.4240,2.5986
47.4455,-2.3406,-1.0848,-0.3011,0.0627,0.3075,0.2166,-1.5147,-0.3935,-0.1660,0.4271,2.5931
47.5458,-2.3696,-1.0808,-0.2835,0.0804,0.2947,0.1737,-1.5266,-0.4022,-0.1522,0.4301,2.5821
47.6454,-2.4023,-1.0690,-0.3100,0.1053,0.3274,0.1350,-1.5378,-0.3793,-0.1464,0.4065,2.5802
47.7455,-2.4319,-1.0637,-0.2986,0.0840,0.3102,0.0912,-1.5497,-0.4203,-0.1148,0.4357,2.5695
47.8453,-2.4619,-1.0508,-0.2983,0.1139,0.3193,0.0501,-1.5520,-0.4120,-0.0938,0.4225,2.5615
47.9449,-2.4892,-1.0457,-0.2944,0.0868,0.3070,0.0086,-1.5576,-0.4125,-0.0747,0.4192,2.5497
48.0467,-2.5172,-1.0342,-0.2760,0.1289,0.3046,-0.0334,-1.5628,-0.4151,-0.0760,0.4220,2.5395
48.1453,-2.5448,-1.0219,-0.2803,0.1306,0.3093,-0.0717,-1.5694,-0.3885,-0.0768,0.3960,2.5330
48.2456,-2.5758,-1.0089,-0.2966,0.1335,0.3253,-0.1149,-1.5673,-0.4093,-0.0064,0.4094,2.5235
48.3453,-2.6002,-0.9952,-0.2715,0.1350,0.3032,-0.1366,-1.6160,-0.4156,-0.0017,0.4156,2.5406
48.4458,-2.6280,-0.9820,-0.2748,0.1366,0.3069,-0.1795,-1.6130,-0.4292,0.0026,0.4292,2.5286
48.5463,-2.6520,-0.9676,-0.2477,0.1679,0.2993,-0.2192,-1.6116,-0.4049,0.0008,0.4049,2.5166
48.6459,-2.6756,-0.9484,-0.2386,0.1853,0.3021,-0.2619,-1.6093,-0.4131,-0.0024,0.4131,2.5026
48.7456,-2.6998,-0.9314,-0.2364,0.1879,0.3020,-0.3060,-1.6021,-0.4365,0.0660,0.4415,2.4860
48.8460,-2.7255,-0.9152,-0.2470,0.1756,0.3030,-0.3444,-1.5917,-0.4200,0.0645,0.4249,2.4754
48.9455,-2.7504,-0.8988,-0.2534,0.1795,0.3105,-0.3848,-1.5823,-0.4104,0.0758,0.4173,2.4624
49.0470,-2.7552,-0.8485,-0.2313,0.2156,0.3162,-0.4276,-1.5713,-0.4368,0.0810,0.4442,2.4372
49.1468,-2.7742,-0.8275,-0.2002,0.2139,0.2930,-0.4669,-1.5632,-0.4062,0.0661,0.4116,2.4217
49.2463,-2.7956,-0.8083,-0.2073,0.2034,0.2904,-0.5035,-1.5459,-0.3597,0.1586,0.3931,2.4079
49.3460,-2.8189,-0.7891,-0.2189,0.1996,0.2962,-0.5483,-1.5291,-0.4370,0.1500,0.4620,2.3881
49.4469,-2.8389,-0.7701,-0.2048,0.1959,0.2834,-0.5840,-1.5082,-0.3833,0.1812,0.4240,2.3726
49.5463,-2.8638,-0.7466,-0.2182,0.2249,0.3134,-0.6287,-1.4930,-0.4392,0.1420,0.4616,2.3565
49.6468,-2.8743,-0.7237,-0.1455,0.2282,0.2707,-0.6646,-1.4732,-0.4051,0.1548,0.4337,2.3334
49.7465,-2.8965,-0.7007,-0.1698,0.2264,0.2830,-0.6999,-1.4501,-0.3705,0.2228,0.4324,2.3210
49.8474,-2.9137,-0.6813,-0.1683,0.2062,0.2662,-0.7388,-1.4215,-0.3862,0.2467,0.4583,2.2974
49.9476,-2.9349,-0.6560,-0.1960,0.2378,0.3082,-0.7754,-1.3951,-0.3788,0.2464,0.4519,2.2825
50.0481,-2.9491,-0.6313,-0.1335,0.2691,0.3004,-0.8140,-1.3700,-0.4069,0.2321,0.4685,2.2593
50.1471,-2.9622,-0.6042,-0.1290,0.2725,0.3015,-0.8530,-1.3429,-0.4032,0.2502,0.4745,2.2348
50.2473,-2.9783,-0.5829,-0.1303,0.2466,0.2790,-0.8885,-1.3100,-0.3841,0.3248,0.5030,2.2126
50.3480,-2.9937,-0.5581,-0.1459,0.2508,0.2902,-0.9268,-1.2795,-0.3935,0.2955,0.4921,2.1891
50.4475,-3.0070,-0.5320,-0.1255,0.2695,0.2973,-0.9696,-1.2860,-0.3821,0.3035,0.4880,2.1725
50.5479,-3.0206,-0.5075,-0.1189,0.2550,0.2813,-1.0065,-1.2525,-0.3818,0.3198,0.4981,2.1474
50.6481,-3.0281,-0.4802,-0.0645,0.2654,0.2731,-1.0431,-1.2186,-0.3875,0.3267,0.5069,2.1179
50.7481,-3.0419,-0.4505,-0.1219,0.2932,0.3175,-1.0737,-1.1858,-0.3188,0.3313,0.4598,2.1010
50.8482,-3.0518,-0.4244,-0.0949,0.2716,0.2877,-1.1049,-1.1455,-0.3379,0.3565,0.4912,2.0762
50.9476,-3.0606,-0.3964,-0.0859,0.2800,0.2929,-1.1385,-1.1088,-0.3472,0.3558,0.4972,2.0499
51.0482,-3.0685,-0.3683,-0.0696,0.2862,0.2946,-1.1656,-1.0708,-0.3213,0.3500,0.4751,2.0284
51.1490,-3.0747,-0.3388,-0.0596,0.2947,0.3007,-1.1977,-1.0343,-0.3318,0.3529,0.4843,2.0017
51.2492,-3.0799,-0.3106,-0.0431,0.2840,0.2873,-1.2228,-0.9941,-0.2728,0.3734,0.4624,1.9789
51.3490,-3.0870,-0.2829,-0.0643,0.2781,0.2854,-1.2491,-0.9536,-0.2761,0.3933,0.4805,1.9564
51.4491,-3.0912,-0.2545,-0.0336,0.2718,0.2739,-1.2753,-0.9144,-0.2742,0.3660,0.4573,1.9321
51.5483,-3.0967,-0.2237,-0.0366,0.3052,0.3074,-1.3028,-0.8733,-0.2879,0.3971,0.4905,1.9078
51.6488,-3.0983,-0.1946,-0.0239,0.3023,0.3032,-1.3290,-0.8336,-0.2765,0.3774,0.4679,1.8811
51.7496,-3.0966,-0.1667,0.0148,0.2819,0.2823,-1.3530,-0.7923,-0.2448,0.4023,0.4709,1.8524
51.8502,-3.1019,-0.1367,-0.0399,0.2931,0.2958,-1.3698,-0.7538,-0.2164,0.3808,0.4380,1.8388
51.9496,-3.1017,-0.1058,-0.0003,0.3071,0.3071,-1.3926,-0.7135,-0.2404,0.3929,0.4606,1.8140
52.0506,-3.1024,-0.0772,0.0184,0.2861,0.2866,-1.4118,-0.6730,-0.2281,0.3751,0.4391,1.7925
52.1508,-3.0791,-0.0196,0.0342,0.2766,0.2787,-1.4343,-0.6310,-0.2405,0.4077,0.4734,1.7548
52.2510,-3.0765,0.0118,0.0256,0.2954,0.2965,-1.4469,-0.5917,-0.1505,0.3919,0.4198,1.7377
52.3509,-3.0730,0.0422,0.0367,0.3027,0.3049,-1.5207,-0.5704,-0.1639,0.3977,0.4301,1.6688
52.4512,-3.0720,0.0709,0.0131,0.3063,0.3066,-1.5316,-0.5304,-0.1413,0.3943,0.4188,1.6536
52.5514,-3.0653,0.0994,0.0742,0.2838,0.2933,-1.5458,-0.4895,-0.1517,0.3927,0.4210,1.6296
52.6507,-3.0582,0.1292,0.0700,0.2918,0.3001,-1.5627,-0.4481,-0.1802,0.4012,0.4398,1.6030
52.7510,-3.0506,0.1596,0.0773,0.3026,0.3123,-1.5682,-0.4079,-0.0914,0.3958,0.4062,1.5873
52.8510,-3.0413,0.1870,0.0908,0.2808,0.2951,-1.5761,-0.3687,-0.0990,0.3895,0.4018,1.5671
52.9517,-3.0358,0.2176,0.0749,0.2983,0.3076,-1.5802,-0.3293,-0.0639,0.3794,0.3848,1.5550
53.0523,-3.0262,0.2442,0.1102,0.2688,0.2905,-1.5931,-0.2886,-0.1260,0.3933,0.4130,1.5289
53.1515,-3.0114,0.2695,0.1498,0.2531,0.2942,-1.5964,-0.2485,-0.1218,0.3889,0.4075,1.5069
53.2517,-3.0039,0.2960,0.0983,0.2619,0.2797,-1.5974,-0.2121,-0.0262,0.3703,0.3712,1.4956
53.3523,-2.9917,0.3236,0.1307,0.2600,0.2910,-1.5928,-0.1732,-0.0080,0.3752,0.3753,1.4846
53.4515,-2.9818,0.3484,0.1094,0.2515,0.2742,-1.5929,-0.1347,-0.0154,0.3820,0.3823,1.4705
53.5523,-2.9655,0.3769,0.1582,0.2548,0.3000,-1.5885,-0.0971,-0.0133,0.3760,0.3762,1.4563
53.6524,-2.9519,0.4028,0.1431,0.2569,0.2941,-1.5864,-0.0590,0.0001,0.3807,0.3807,1.4415
53.7523,-2.9359,0.4269,0.1644,0.2460,0.2959,-1.5794,-0.0192,0.0550,0.4055,0.4092,1.4280
53.8521,-2.9217,0.4503,0.1493,0.2362,0.2795,-1.5692,0.0172,0.0763,0.3775,0.3851,1.4201
53.9525,-2.9061,0.4751,0.1536,0.2320,0.2783,-1.5572,0.0556,0.0806,0.3829,0.3913,1.4126
54.0532,-2.8923,0.4983,0.1572,0.2221,0.2721,-1.5452,0.0960,0.0964,0.4025,0.4138,1.4059
54.1530,-2.8688,0.5205,0.2130,0.2259,0.3105,-1.5369,0.1307,0.0636,0.3741,0.3794,1.3878
54.2531,-2.8527,0.5421,0.1763,0.2175,0.2800,-1.5208,0.1717,0.1433,0.4059,0.4304,1.3824
54.3535,-2.8335,0.5634,0.1933,0.2061,0.2826,-1.5005,0.2105,0.1560,0.4105,0.4392,1.3789
54.4534,-2.8139,0.5862,0.1970,0.2210,0.2960,-1.4841,0.2478,0.1481,0.3880,0.4153,1.3721
54.5537,-2.7917,0.6067,0.2400,0.1971,0.3106,-1.4660,0.2875,0.1330,0.4064,0.4276,1.3636
54.6537,-2.7726,0.6268,0.2049,0.1981,0.2850,-1.4488,0.3242,0.1498,0.3827,0.4110,1.3579
54.7539,-2.7492,0.6447,0.2195,0.1821,0.2852,-1.4232,0.3619,0.2222,0.3864,0.4457,1.3557
54.8540,-2.7228,0.6606,0.2546,0.1630,0.3023,-1.4690,0.4237,0.2225,0.4187,0.4742,1.2760
54.9541,-2.7061,0.6833,0.2063,0.1776,0.2722,-1.4430,0.4604,0.2169,0.4041,0.4587,1.2826
55.0537,-2.6817,0.7006,0.2460,0.1597,0.2933,-1.4192,0.4996,0.2186,0.4027,0.4582,1.2785
55.1541,-2.6572,0.7161,0.2404,0.1411,0.2788,-1.3933,0.5368,0.2152,0.4019,0.4559,1.2766
55.2560,-2.6292,0.7329,0.2723,0.1588,0.3152,-1.3689,0.5746,0.2399,0.3897,0.4576,1.2702
55.3548,-2.6070,0.7476,0.2322,0.1459,0.2742,-1.3342,0.6119,0.2908,0.3973,0.4923,1.2800
55.4554,-2.5596,0.7755,0.2667,0.1690,0.3158,-1.3031,0.6489,0.2930,0.3867,0.4852,1.2630
55.5550,-2.5318,0.7871,0.2988,0.1137,0.3197,-1.2735,0.6839,0.2681,0.3822,0.4668,1.2625
55.6555,-2.5063,0.7997,0.2657,0.1197,0.2915,-1.2444,0.7242,0.2713,0.4099,0.4916,1.2642
55.7560,-2.4776,0.8117,0.2718,0.1149,0.2951,-1.2084,0.7565,0.3279,0.3744,0.4977,1.2704
55.8557,-2.4524,0.8241,0.2581,0.1177,0.2837,-1.1717,0.7889,0.3417,0.3528,0.4911,1.2812
55.9551,-2.4203,0.8356,0.2909,0.1029,0.3086,-1.1373,0.8226,0.3061,0.3611,0.4734,1.2831
56.0554,-2.3914,0.8470,0.2952,0.0927,0.3094,-1.1034,0.8566,0.3138,0.3608,0.4782,1.2880
56.1558,-2.3626,0.8533,0.2896,0.0708,0.2982,-1.0649,0.8893,0.3366,0.3662,0.4974,1.2983
56.2555,-2.3333,0.8611,0.2944,0.0715,0.3030,-1.0282,0.9224,0.3494,0.3481,0.4932,1.3065
56.3563,-2.3037,0.8679,0.2811,0.0487,0.2853,-0.9894,0.9489,0.3521,0.3250,0.4792,1.3168
56.4563,-2.2730,0.8765,0.3028,0.0736,0.3116,-0.9487,0.9809,0.3793,0.3423,0.5109,1.3284
56.5570,-2.2419,0.8797,0.3064,0.0087,0.3065,-0.9117,1.0067,0.3451,0.3102,0.4640,1.3362
56.6562,-2.2121,0.8833,0.3001,0.0260,0.3013,-0.8741,1.0378,0.3543,0.3302,0.4843,1.3470
56.7571,-2.1798,0.8878,0.3151,0.0169,0.3156,-0.8308,1.0633,0.3895,0.2884,0.4846,1.3603
56.8573,-2.1481,0.8923,0.3168,0.0345,0.3187,-0.8243,1.1274,0.3562,0.2683,0.4459,1.3445
56.9564,-2.1190,0.8964,0.3023,0.0278,0.3036,-0.7808,1.1504,0.3795,0.2754,0.4689,1.3621
57.0570,-2.0865,0.8975,0.3222,-0.0038,0.3223,-0.7422,1.1753,0.3725,0.2704,0.4603,1.3726
57.1576,-2.0566,0.8961,0.3166,-0.0090,0.3167,-0.7017,1.1992,0.3708,0.2784,0.4637,1.3883
57.2573,-2.0243,0.8967,0.3220,-0.0012,0.3220,-0.6634,1.2208,0.3733,0.2282,0.4376,1.3989
57.3573,-1.9940,0.8953,0.3099,-0.0081,0.3100,-0.6235,1.2381,0.3772,0.2290,0.4413,1.4128
57.4572,-1.9601,0.8937,0.3343,-0.0191,0.3349,-0.5850,1.2568,0.3762,0.2088,0.4302,1.4222
57.5581,-1.9322,0.8916,0.2905,-0.0494,0.2947,-0.5413,1.2762,0.4114,0.2120,0.4628,1.4431
57.6572,-1.9004,0.8858,0.3123,-0.0603,0.3181,-0.5032,1.2927,0.3854,0.2117,0.4397,1.4552
57.7574,-1.8697,0.8821,0.2940,-0.0516,0.2985,-0.4635,1.3088,0.3872,0.1582,0.4183,1.4695
57.8580,-1.8377,0.8761,0.3163,-0.0627,0.3224,-0.4194,1.3151,0.4036,0.1327,0.4249,1.4846
57.9586,-1.8113,0.8735,0.2927,-0.0362,0.2949,-0.3791,1.3288,0.3995,0.1479,0.4260,1.5028
58.0582,-1.7785,0.8661,0.3185,-0.0834,0.3292,-0.3345,1.3347,0.4398,0.1177,0.4553,1.5182
58.1579,-1.7592,0.8555,0.2345,-0.1004,0.2551,-0.2980,1.3495,0.3850,0.1498,0.4131,1.5425
58.2583,-1.7239,0.8491,0.3070,-0.0854,0.3187,-0.2525,1.3537,0.4242,0.0904,0.4337,1.5555
58.3584,-1.6965,0.8399,0.2849,-0.0925,0.2995,-0.2101,1.3540,0.4232,0.0481,0.4260,1.5728
58.4594,-1.6908,0.8124,0.2502,-0.0852,0.2643,-0.1715,1.3575,0.4025,0.0660,0.4079,1.6141
58.5589,-1.6581,0.8014,0.2936,-0.1239,0.3187,-0.1237,1.3618,0.4517,0.0690,0.4569,1.6336
58.6592,-1.6354,0.7871,0.2468,-0.1397,0.2836,-0.0849,1.3652,0.4347,0.0840,0.4428,1.6547
58.7591,-1.6053,0.7757,0.2832,-0.1256,0.3098,-0.0426,1.3636,0.4258,0.0028,0.4258,1.6696
58.8600,-1.5814,0.7623,0.2613,-0.1296,0.2917,-0.0022,1.3553,0.4051,-0.0174,0.4055,1.6869
58.9600,-1.5567,0.7479,0.2495,-0.1426,0.2873,0.0231,1.4203,0.4404,-0.0211,0.4409,1.7170
59.0596,-1.5321,0.7309,0.2460,-0.1804,0.3051,0.0636,1.4160,0.4342,-0.0143,0.4344,1.7365
59.1591,-1.5096,0.7151,0.2296,-0.1675,0.2842,0.1074,1.4118,0.4387,-0.0142,0.4389,1.7607
59.2598,-1.4859,0.6978,0.2458,-0.1752,0.3019,0.1496,1.4019,0.4455,-0.0610,0.4496,1.7806
59.3605,-1.4632,0.6819,0.2297,-0.1663,0.2836,0.1880,1.3890,0.4073,-0.0898,0.4171,1.7963
59.4600,-1.4359,0.6663,0.2560,-0.1601,0.3020,0.2260,1.3770,0.3852,-0.0904,0.3956,1.8075
59.5602,-1.4167,0.6478,0.1980,-0.1935,0.2769,0.2678,1.3659,0.4130,-0.0856,0.4218,1.8311
59.6602,-1.3932,0.6256,0.2171,-0.2208,0.3097,0.3105,1.3539,0.4254,-0.0827,0.4333,1.8528
59.7602,-1.3722,0.6064,0.2089,-0.2031,0.2914,0.3503,1.3370,0.4109,-0.1538,0.4388,1.8710
59.8601,-1.3511,0.5853,0.2078,-0.2122,0.2969,0.3899,1.3147,0.4091,-0.1584,0.4387,1.8875
59.9597,-1.3310,0.5658,0.2007,-0.2021,0.2848,0.4308,1.2963,0.4163,-0.1624,0.4468,1.9073
