tau,delay_model,delay_actual,initial_clearance,min_h,min_distance,min_psi2,max_command_norm,infeasible_steps,braking_steps
0.3,0.0,0.0,0.4,0.0013384833684311204,0.8008361151749035,-1.2212453270876722e-15,0.3825,0,0
0.3,0.0,0.02,0.4,0.0008322404688878571,0.8005199813052064,-1.2065001775418693e-15,0.3825,0,0
0.3,0.0,0.05,0.4,0.00012245497376373038,0.8000765306980101,-1.1379786002407855e-15,0.3825,0,0
0.3,0.0,0.0,0.8,0.0035021341604136724,0.8021858476440568,-1.6653345369377348e-15,0.701875,0,0
0.3,0.0,0.02,0.8,0.0022358584686950067,0.8013961931957845,-1.27675647831893e-15,0.701875,0,0
0.3,0.0,0.05,0.8,0.0004161785203947721,0.8002600693027204,-1.7763568394002505e-15,0.701875,0,0
0.3,0.0,0.0,1.2,0.007276853387874316,0.8045351784651026,-1.7763568394002505e-15,0.8,0,0
0.3,0.0,0.02,1.2,0.004942054245828054,0.8030828439493825,-1.27675647831893e-15,0.8,0,0
0.3,0.0,0.05,1.2,0.0014588768164777166,0.8009112789919229,-1.1102230246251565e-15,0.8,0,0
0.3,0.22,0.22,0.4,0.002162217031281277,0.8013502461666069,-1.1102230246251565e-15,0.3774114289670839,0,0
0.3,0.22,0.24,0.4,0.0014737548073119333,0.8009205671022015,-1.1102230246251565e-15,0.3774114289670839,0,0
0.3,0.22,0.27,0.4,0.0004792996172959807,0.8002995061958342,-1.4986384529180885e-15,0.3774114289670839,0,0
0.3,0.22,0.22,0.8,0.005553849627715213,0.8034636579383758,-1.1102230246251565e-15,0.699114556870817,0,0
0.3,0.22,0.24,0.8,0.0038562524264255105,0.8024065381254228,-1.7763568394002505e-15,0.699114556870817,0,0
0.3,0.22,0.27,0.8,0.0013483348122382832,0.8008422658752711,-1.1102230246251565e-15,0.699114556870817,0,0
0.3,0.22,0.22,1.2,0.011364352205717188,0.8070714666036195,-8.881784197001252e-16,0.8,0,0
0.3,0.22,0.24,1.2,0.008307042863939462,0.8051751628459112,-1.7763568394002505e-15,0.8,0,0
0.3,0.22,0.27,1.2,0.0036343137119521085,0.8022682305263946,-1.7763568394002505e-15,0.8,0,0
0.43,0.0,0.0,0.4,0.0016436893535635155,0.8010266470933184,-8.881784197001252e-16,0.5049166666666669,0,0
0.43,0.0,0.02,0.4,0.0013683226019270966,0.8008547450080615,-8.881784197001252e-16,0.5049166666666669,0,0
0.43,0.0,0.05,0.4,0.0010026361636117365,0.8006264023648058,-8.881784197001252e-16,0.5062173027077086,0,0
0.43,0.0,0.0,0.8,0.0043611609317848465,0.802721097848926,-6.661338147750939e-16,0.8,0,0
0.43,0.0,0.02,0.8,0.0036561562744998888,0.8022818434157039,-6.661338147750939e-16,0.8,0,0
0.43,0.0,0.05,0.8,0.002690859185825345,0.8016800229429604,-8.881784197001252e-16,0.8,0,0
0.43,0.0,0.0,1.2,0.010410637187926342,0.8064804009942997,-8.881784197001252e-16,0.8,0,0
0.43,0.0,0.02,1.2,0.009012858960291026,0.8056133433355552,-5.551115123125783e-16,0.8,0,0
0.43,0.0,0.05,1.2,0.0070100881133603465,0.8043693729334556,-6.661338147750939e-16,0.8,0,0
0.43,0.22,0.22,0.4,0.002489205748756551,0.8015542437968604,-8.413408858487514e-16,0.5099869043285814,0,0
0.43,0.22,0.24,0.4,0.002112794854187583,0.8013194087591962,-6.38378239159465e-16,0.5099869043285814,0,0
0.43,0.22,0.27,0.4,0.0016019641108915295,0.8010006018168099,-7.216449660063518e-16,0.5109069232738213,0,0
0.43,0.22,0.22,0.8,0.006602635494278308,0.8041160584730779,-8.881784197001252e-16,0.8,0,0
0.43,0.22,0.24,0.8,0.005649053439602647,0.8035229016273293,-6.661338147750939e-16,0.8,0,0
0.43,0.22,0.27,0.8,0.0043161790997072735,0.8026930790157016,-4.996003610813204e-16,0.8,0,0
0.43,0.22,0.22,1.2,0.015689401503770406,0.8097465044714738,-8.881784197001252e-16,0.8,0,0
0.43,0.22,0.24,1.2,0.01385644044810641,0.808613900726488,-8.881784197001252e-16,0.8,0,0
0.43,0.22,0.27,1.2,0.01117774060452792,0.8069558479895464,-8.881784197001252e-16,0.8,0,0
0.55,0.0,0.0,0.4,0.0017941654053462708,0.8011205685821244,-5.212844045310305e-16,0.6179166666666668,0,0
0.55,0.0,0.02,0.4,0.0016339439363729502,0.8010205639909459,-7.999243628598052e-16,0.6179166666666668,0,0
0.55,0.0,0.05,0.4,0.0014282194730665942,0.8008921397248613,-7.216449660063518e-16,0.6199945202748336,0,0
0.55,0.0,0.0,0.8,0.0051094065589455395,0.8031870308707342,-5.186823193170653e-16,0.8,0,0
0.55,0.0,0.02,0.8,0.0046926682856918145,0.8029275610450123,-8.881784197001252e-16,0.8,0,0
0.55,0.0,0.05,0.8,0.004141637221838357,0.8025843489763792,-8.881784197001252e-16,0.8,0,0
0.55,0.0,0.0,1.2,0.012940299139037825,0.8080472134343624,-8.881784197001252e-16,0.8,0,0
0.55,0.0,0.02,1.2,0.012061866663631071,0.8075034778028087,-6.343666911212686e-16,0.8,0,0
0.55,0.0,0.05,1.2,0.01085808970345159,0.8067577639561033,-5.831923485799528e-16,0.8,0,0
0.55,0.22,0.22,0.4,0.002640776414584267,0.8016487861991587,-6.054184931159057e-16,0.6260395793362761,0,0
0.55,0.22,0.24,0.4,0.002415356448502437,0.8015081761582364,-5.689893001203927e-16,0.6260395793362761,0,0
0.55,0.22,0.27,0.4,0.0021206388444924285,0.8013243031660107,-6.241751906999049e-16,0.6275434819959312,0,0
0.55,0.22,0.22,0.8,0.007585967521801296,0.8047272628175346,-6.862999751833243e-16,0.8,0,0
0.55,0.22,0.24,0.8,0.007012583546518347,0.8043709241056134,-4.440892098500626e-16,0.8,0,0
0.55,0.22,0.27,0.8,0.006235462090709465,0.8038877173403693,-9.011888457699513e-16,0.8,0,0
0.55,0.22,0.22,1.2,0.019210268361848692,0.8119176487562324,-5.629177679544739e-16,0.8,0,0
0.55,0.22,0.24,1.2,0.018042192069345986,0.8111979980678861,-6.739400704169896e-16,0.8,0,0
0.55,0.22,0.27,1.2,0.016410935784455294,0.8101919129344944,-5.080571380267074e-16,0.8,0,0
